{
  "TypeScript": 17.08625428969623,
  "Python": 13.771970062770942,
  "Go": 12.349686539230643,
  "JavaScript": 7.66401887291954,
  "C#": 4.500654135306708,
  "C++": 4.463750052359442,
  "Rust": 3.5427240925099817,
  "C": 3.482814364700876,
  "Shell": 3.1798906644166998,
  "Kotlin": 3.110482978375165,
  "Java": 2.6044909764782145,
  "HTML": 2.447145909191281,
  "PHP": 2.363261418996413,
  "Ruby": 1.9414256215489767,
  "MDX": 1.7418528642449713,
  "Dart": 1.5751686368021756,
  "Vue": 1.1942922027814054,
  "CSS": 1.1580522543381293,
  "Jupyter Notebook": 1.1183396908842211,
  "Dockerfile": 0.9005675435920268,
  "SCSS": 0.8963079544935902,
  "Lua": 0.6424673460369624,
  "Swift": 0.618521887964909,
  "CMake": 0.5539662520762578,
  "Makefile": 0.5432050308450064,
  "HCL": 0.542251111372187,
  "Smarty": 0.3420369265126828,
  "Svelte": 0.3050317464108619,
  "PowerShell": 0.2926279227147658,
  "Clojure": 0.2810102038972579,
  "Nix": 0.2805641299262837,
  "D": 0.25092155388426146,
  "Cairo": 0.2374464155309478,
  "WebAssembly": 0.22808863509140107,
  "Jinja": 0.20317618308330465,
  "Markdown": 0.20012284149111878,
  "Mustache": 0.1926385260809508,
  "Objective-C": 0.19059337086120506,
  "Blade": 0.17166218637615666,
  "Nim": 0.16753077099429114,
  "Solidity": 0.16122857017123088,
  "PLpgSQL": 0.1390939755977972,
  "V": 0.1355418775192209,
  "Zig": 0.12848506440358232,
  "Adblock Filter List": 0.1106069254927477,
  "Sway": 0.10402885399281281,
  "Tcl": 0.10284470448798139,
  "VCL": 0.09657637447135968,
  "Cuda": 0.09146453090121857,
  "Batchfile": 0.09078861181686484,
  "XML": 0.0861467242884863,
  "Roff": 0.07861766504952585,
  "Fluent": 0.07650192742798397,
  "Haxe": 0.0670163698126466,
  "DM": 0.06365043107859639,
  "Perl": 0.06024787892549988,
  "EJS": 0.05803291044570029,
  "Vim Script": 0.0578297372587759,
  "MLIR": 0.054493748687737674,
  "Gherkin": 0.048894446739545364,
  "Crystal": 0.04622390240307556,
  "Meson": 0.041082256611395244,
  "OCaml": 0.03936809407055633,
  "Scala": 0.038821756399490405,
  "LLVM": 0.0376227989747061,
  "AutoHotkey": 0.03738184395790694,
  "Assembly": 0.037341965879076074,
  "Objective-C++": 0.03503167133020523,
  "TeX": 0.03487629597055866,
  "Twig": 0.03257884523987109,
  "1C Enterprise": 0.03250051113398953,
  "Astro": 0.02718685717359668,
  "Move": 0.025685814778062456,
  "Typst": 0.023528814090907443,
  "Jsonnet": 0.020849212973253775,
  "Inno Setup": 0.02016340082393723,
  "Luau": 0.019221276841205403,
  "Just": 0.019206612637095336,
  "Scheme": 0.018680719235455882,
  "M4": 0.01562073772128544,
  "Groovy": 0.012324978990522494,
  "Handlebars": 0.012247111815823705,
  "Less": 0.011353970487690011,
  "GSC": 0.010865762211144086,
  "QML": 0.010088664517604205,
  "GLSL": 0.008687158868764326,
  "API Blueprint": 0.00866836634175899,
  "PLSQL": 0.008284227897341807,
  "AppleScript": 0.008002707230905896,
  "YAML": 0.007784671245269424,
  "Metal": 0.0072425767385666685,
  "Elixir": 0.00718596293289585,
  "Visual Basic .NET": 0.007164337871570576,
  "Stylus": 0.006849655284524688,
  "CoffeeScript": 0.006298930504171632,
  "Starlark": 0.006294225089782639,
  "TSQL": 0.0057391037462906705,
  "ActionScript": 0.00571030986424949,
  "R": 0.00519556870324607,
  "JSON": 0.0047852648360011,
  "NSIS": 0.004515356946756918,
  "Cython": 0.00441758755686395,
  "Volt": 0.0037638372544828757,
  "q": 0.003737566606176015,
  "Haml": 0.0036984270837266357,
  "SystemVerilog": 0.003678318013608399,
  "WGSL": 0.003508776810973853,
  "jq": 0.0030139338883531973,
  "Sass": 0.0029493895884054977,
  "Yul": 0.002718736559161748,
  "templ": 0.0026962644442030015,
  "Mermaid": 0.002465046131687809,
  "XSLT": 0.0024375521522328617,
  "Cap'n Proto": 0.002317510859525177,
  "Pug": 0.002284242927336938,
  "NASL": 0.0021589311285459805,
  "F#": 0.0017869011915923353,
  "Rich Text Format": 0.0016778027221635882,
  "sed": 0.0016383297630398715,
  "Mako": 0.0014759386563610963,
  "ANTLR": 0.0014561715097456418,
  "Kit": 0.0013890380970717658,
  "BitBake": 0.0012020178238840082,
  "Fortran": 0.0011785960773903837,
  "Io": 0.0011619186728407472,
  "CartoCSS": 0.0010658709531784383,
  "Earthly": 0.0010333008183709604,
  "Sage": 0.0010327604242459684,
  "Hack": 0.0010292227986448107,
  "SQL": 0.0010247725732856635,
  "FreeMarker": 0.0010096905517718681,
  "HLSL": 0.0009348518972879705,
  "Bicep": 0.0008647785438051494,
  "Pascal": 0.0008194568061966865,
  "ReScript": 0.000796913660299459,
  "Emacs Lisp": 0.0007408647747978447,
  "ShaderLab": 0.000718866691725297,
  "SWIG": 0.000706182671468464,
  "DTrace": 0.0006957227290545358,
  "Liquid": 0.0006596319558942268,
  "Lex": 0.000645787018402263,
  "Yacc": 0.0005900391564645127,
  "Open Policy Agent": 0.0005617382228034387,
  "SmPL": 0.00044340380664769166,
  "GDScript": 0.00042887943888279795,
  "Brainfuck": 0.0004114601563147602,
  "Haskell": 0.0004094639390969318,
  "Nushell": 0.0003631713339876542,
  "Circom": 0.0003393320323571296,
  "Thrift": 0.0003119034223873677,
  "OpenEdge ABL": 0.00030605485114165774,
  "Qt Script": 0.0002739519732760669,
  "Kaitai Struct": 0.0002666823430163351,
  "Awk": 0.0002533338816794526,
  "MATLAB": 0.0002496544327655315,
  "SAS": 0.00022775517905337922,
  "Ada": 0.00021704951115156986,
  "Julia": 0.0002063801103789311,
  "FIRRTL": 0.00019497287858437693,
  "CUE": 0.00018028652270646737,
  "Scilab": 0.00016963127738242682,
  "QMake": 0.0001648886254577457,
  "Brightscript": 0.0001551971296917998,
  "Procfile": 0.00015390672993665437,
  "PureBasic": 0.00014167154702530345,
  "POV-Ray SDL": 0.00013436430008707332,
  "GDB": 0.00013327987200470755,
  "AIDL": 0.0001274462600043553,
  "PostScript": 0.00012471980209052445,
  "UnrealScript": 0.00012309256780435385,
  "Common Lisp": 0.00012092433998198745,
  "Standard ML": 0.0001208364557801298,
  "Smithy": 0.00009661556835747841,
  "Visual Basic": 0.00009564216836926894,
  "Game Maker Language": 0.00009262254326381239,
  "Ant Build System": 0.00009212434931839969,
  "E": 0.00009086793181869748,
  "MoonScript": 0.00008567329054962921,
  "Sieve": 0.00007782382001394314,
  "Pike": 0.0000723010096134022,
  "Smalltalk": 0.00007212159177552729,
  "Elm": 0.00007173162627695168,
  "Apex": 0.00006951768719432973,
  "LOLCODE": 0.00006885350546954313,
  "RPGLE": 0.00006744581496880567,
  "Prolog": 0.00006628494388178866,
  "Xonsh": 0.00005731110837482213,
  "EmberScript": 0.000057202122884708254,
  "DIGITAL Command Language": 0.000052553924306811946,
  "D2": 0.0000500422566977717,
  "Nemerle": 0.000048928053725945435,
  "PEG.js": 0.00004761159608857297,
  "RenderScript": 0.000043424898779187085,
  "xBase": 0.00003664324159999756,
  "Clean": 0.00003660290065840107,
  "Forth": 0.00003607160451306979,
  "Ragel": 0.00003595766199816367,
  "Elvish": 0.00003572257635553531,
  "Erlang": 0.00003321566536944128,
  "Processing": 0.00003258825173352645,
  "COBOL": 0.00003080912314392586,
  "Perl 6": 0.000028781208074085557,
  "ABAP": 0.000027674238532774573,
  "Euphoria": 0.00002577955452945243,
  "M": 0.000024615462597051466,
  "ASP.NET": 0.00002281393299506817,
  "GAP": 0.000018195070619140297,
  "Verilog": 0.0000174484054317848,
  "Vala": 0.000016380798724036884,
  "Visual Basic 6.0": 0.000014365404491960731,
  "SourcePawn": 0.000013216128660263284,
  "Gnuplot": 0.000012707633011530374,
  "HiveQL": 0.000012438670082507626,
  "Boogie": 0.000012170194001363428,
  "Alloy": 0.000010148276703689055,
  "VHDL": 0.000009678972826886633,
  "YARA": 0.0000084319534939124,
  "JetBrains MPS": 0.000007843266392881146,
  "Eiffel": 0.000007712822172021757,
  "Raku": 0.000006781945985954302,
  "Module Management System": 0.000006765927008640537,
  "mupad": 0.000006637417579073427,
  "Nu": 0.00000575649915777339,
  "Augeas": 0.000005549059808245416,
  "Pawn": 0.000005396172585752044,
  "Max": 0.000005314392983767577,
  "Velocity Template Language": 0.000004760801516002836,
  "VBScript": 0.000004038068304129095,
  "AspectJ": 0.000003633427058526222,