{
  "Go": 14.596642929836069,
  "TypeScript": 13.9884447942531,
  "Python": 11.822927670187097,
  "JavaScript": 9.596803937686529,
  "Rust": 4.490744100775629,
  "C#": 4.235169656598594,
  "C++": 3.7739249455141044,
  "Java": 3.670015644593584,
  "Shell": 3.61774833596009,
  "HTML": 3.4135073608331306,
  "C": 2.832637938557496,
  "PHP": 2.5250439141360235,
  "CSS": 2.1489230508996435,
  "Kotlin": 1.8205932967904896,
  "Ruby": 1.6263722547626165,
  "SCSS": 1.542644313179249,
  "Dart": 1.3509430310734256,
  "Jupyter Notebook": 1.295934734355474,
  "MDX": 0.8423851464983849,
  "Dockerfile": 0.7945761330092073,
  "Lua": 0.7799695919107547,
  "Vue": 0.7390010137559762,
  "Makefile": 0.684251096282117,
  "HCL": 0.6108824649269781,
  "Swift": 0.5684120918069494,
  "CMake": 0.45159802478341204,
  "XML": 0.37597016943403044,
  "Smarty": 0.34238308729725614,
  "R": 0.31146146456467905,
  "Batchfile": 0.2978732316689036,
  "Markdown": 0.28856987944062146,
  "Nix": 0.28765101363933965,
  "Solidity": 0.2806647047974045,
  "Clojure": 0.2797634058107795,
  "DM": 0.2534910591082867,
  "Mustache": 0.2231704378293389,
  "Svelte": 0.21233223620220387,
  "PowerShell": 0.20713631435106653,
  "PLpgSQL": 0.18850453664480285,
  "Jinja": 0.13974404245808014,
  "WebAssembly": 0.13695738223667173,
  "Vim Script": 0.12666608877301455,
  "Nim": 0.1168223919013957,
  "TeX": 0.11595661541421638,
  "Objective-C": 0.10889741717738952,
  "Perl": 0.10662753792222046,
  "Blade": 0.10186980292882288,
  "Cairo": 0.09756712124023219,
  "Handlebars": 0.09521091375879454,
  "Fluent": 0.09479107674244697,
  "Adblock Filter List": 0.0781490852399387,
  "BitBake": 0.07147742809770488,
  "Tcl": 0.07012325844074518,
  "Rich Text Format": 0.06834052940887642,
  "Sway": 0.0542462015199032,
  "Less": 0.050029918577796165,
  "D": 0.04965245556438632,
  "Zig": 0.04844440280362773,
  "Gleam": 0.04377677176869455,
  "Scheme": 0.04129239978523366,
  "DIGITAL Command Language": 0.03996126224979797,
  "Roff": 0.039471448859137025,
  "Cuda": 0.038212116108594055,
  "MLIR": 0.03554065407726067,
  "Crystal": 0.03257794566291676,
  "Scala": 0.03114876489405625,
  "Vala": 0.029340894606113194,
  "Stylus": 0.027603234789661046,
  "Gherkin": 0.02729285807555431,
  "Assembly": 0.027271390724930237,
  "EJS": 0.023682086129634045,
  "PLSQL": 0.022657307633087063,
  "Haxe": 0.021827591465023038,
  "Groovy": 0.021800854441574372,
  "Starlark": 0.021701912527769977,
  "TSQL": 0.021577961148765413,
  "Astro": 0.021487590695062626,
  "Nushell": 0.018248675252230697,
  "Objective-C++": 0.015398306432107494,
  "Move": 0.015103805618388071,
  "Twig": 0.014689204285113784,
  "Hack": 0.01439875086760935,
  "Inno Setup": 0.01417867105636953,
  "M4": 0.013924380243418596,
  "Pug": 0.012287289437989794,
  "Erlang": 0.011433649677920476,
  "Nunjucks": 0.010755054075417717,
  "Just": 0.010012736126424011,
  "Meson": 0.009731944439527521,
  "Bicep": 0.009117415975368493,
  "GSC": 0.009078603078695208,
  "LLVM": 0.008522296932222262,
  "Visual Basic .NET": 0.007391716862498541,
  "Elixir": 0.0071144794084054015,
  "Jsonnet": 0.006585653053153335,
  "Yacc": 0.006216935665734914,
  "Pascal": 0.005752304041171864,
  "V": 0.005732007193259207,
  "HiveQL": 0.005453780787408423,
  "GLSL": 0.005255822245457855,
  "Thrift": 0.0049144506290939765,
  "WGSL": 0.0046793233350024286,
  "RobotFramework": 0.004425549998834193,
  "q": 0.00442260166546872,
  "NSIS": 0.004174332676065115,
  "Cap'n Proto": 0.004044147846999592,
  "E": 0.0037369904931983033,
  "Typst": 0.0034865486704239185,
  "QML": 0.0033770104798274457,
  "Liquid": 0.0030945723722751693,
  "NASL": 0.002910298188461766,
  "Mermaid": 0.0022389665341910957,
  "CUE": 0.0021448603263233635,
  "Emacs Lisp": 0.0021282366733306147,
  "Cython": 0.0021231262521910535,
  "ANTLR": 0.0021195050851411526,
  "Kit": 0.001991909415951026,
  "Sass": 0.0018752707242409687,
  "Earthly": 0.001840512413957745,
  "Io": 0.0015548493226172806,
  "Zephir": 0.0015502195208543115,
  "FreeMarker": 0.0015349394115439657,
  "ActionScript": 0.0013756296186772533,
  "Haskell": 0.0012754139970188086,
  "XSLT": 0.0012194469667840626,
  "sed": 0.0011704368231753377,
  "Open Policy Agent": 0.0011528790776328868,
  "MATLAB": 0.0010257131178344379,
  "Sage": 0.0009927357372166814,
  "Rez": 0.0009245628799964849,
  "AIDL": 0.0009026444544559546,
  "jq": 0.0008912800410184413,
  "YARA": 0.000838448811697372,
  "VCL": 0.0008344741411049238,
  "GAP": 0.0006580961157362207,
  "Ragel": 0.0006547420734464132,
  "CoffeeScript": 0.0006487852287331222,
  "Brainfuck": 0.0006476362863382028,
  "Fortran": 0.0006217523698107076,
  "XQuery": 0.0005767054570836092,
  "Volt": 0.0005761973281742487,
  "Mako": 0.0005570549011352627,
  "Ren'Py": 0.0005524713556716069,
  "AppleScript": 0.0005423999180918972,
  "ShaderLab": 0.0005347633790925635,
  "Clean": 0.0005313008245684795,
  "YAML": 0.0005177211037218453,
  "SmPL": 0.00038866083569712357,
  "Smali": 0.000381933596794822,
  "TLA": 0.0003759710417058004,
  "PostScript": 0.0003730368141215911,
  "Lex": 0.0003702587653929424,
  "Vim Snippet": 0.00034422693613958056,
  "Julia": 0.00034166371885706515,
  "Max": 0.00034116377775135514,
  "POV-Ray SDL": 0.0003115665779714296,
  "Game Maker Language": 0.0003012453087530513,
  "MoonScript": 0.0002899962302597022,
  "SWIG": 0.000264698610415464,
  "Ant Build System": 0.00025907918527149124,
  "Apex": 0.00025854682572790176,
  "Metal": 0.00022415330130109843,
  "Scilab": 0.00022334632790031907,
  "GDScript": 0.00021787463034150667,
  "QMake": 0.00021296523366484257,
  "HLSL": 0.00020524927561107117,
  "Visual Basic 6.0": 0.00019988348296622123,
  "Awk": 0.00019814501901336778,
  "JSON": 0.00018406228284946705,
  "Slim": 0.0001799084567558127,
  "Prolog": 0.0001773739319074466,
  "Brightscript": 0.00015917274225293044,
  "Common Lisp": 0.0001551304919684217,
  "Xonsh": 0.0001434435792337956,
  "Elm": 0.00014285191583076335,
  "Procfile": 0.0001380964726299478,
  "UnrealScript": 0.00012191516275895725,
  "F#": 0.0001215118518319006,
  "Kaitai Struct": 0.00011734693269824127,
  "Smalltalk": 0.00011175725904890419,
  "AspectJ": 0.00011128214253489838,
  "VBScript": 0.00010618542137289442,
  "Yul": 0.00009959598292220181,
  "Visual Basic": 0.00009809218923433088,
  "RenderScript": 0.00009712972352732166,
  "D2": 0.00009495079675697918,
  "Smithy": 0.00009464361104758988,
  "GDB": 0.00009328531358136088,
  "Marko": 0.00008998482519825718,
  "MAXScript": 0.0000783186338684453,
  "Qt Script": 0.0000751936788808052,
  "Pike": 0.00007399827983434922,
  "Processing": 0.00007233990673878779,
  "LOLCODE": 0.00007061729363860394,
  "Reason": 0.00006555055309218586,
  "Nemerle": 0.00005018142088145167,
  "Ada": 0.00004888778161953256,
  "Riot": 0.00003950823120127465,
  "COBOL": 0.00003930864676411399,
  "Asymptote": 0.000039146375469011786,
  "xBase": 0.00003761652110283388,
  "OCaml": 0.0000365247205072761,
  "SQLPL": 0.00003485206359326526,
  "SAS": 0.000034444747976080715,
  "Hy": 0.00003377192135415099,
  "LookML": 0.00003163790945399612,
  "Bluespec": 0.000029991186369325362,
  "SystemVerilog": 0.00002974793930954633,
  "Forth": 0.00002957164560478444,
  "Perl 6": 0.000029518482871442163,
  "PureScript": 0.000029428891333690396,
  "ABAP": 0.00002838315660715593,
  "Imba": 0.000026950299661841752,
  "VHDL": 0.00002577917868904741,
  "Elvish": 0.000025549242772453652,
  "Raku": 0.000024885774918059754,
  "Limbo": 0.000024526569956317624,
  "Nu": 0.000021743328949379785,
  "SourcePawn": 0.00002145664109323786,
  "Module Management System": 0.000020503836102619895,
  "CWeb": 0.000018966312723460108,
  "PEG.js": 0.00001724470972754621,
  "StringTemplate": 0.000016010755833571032,
  "Verilog": 0.00001581416064494885,
  "XS": 0.000010444194612351,
  "Puppet": 0.000009555947397230735,
  "DTrace": 0.000007261252727097912,
  "EmberScript": 0.00000710104153388964,
  "ASP.NET": 0.000006957940849453465,
  "Grammatical Framework": 0.000006580019623864135,