{
  "TypeScript": 14.321926439591298,
  "Python": 13.422934686395466,
  "Go": 12.527083187017324,
  "JavaScript": 9.308656695194824,
  "C#": 4.548933322627017,
  "Rust": 4.353264062338914,
  "C++": 4.1668931902142505,
  "Shell": 3.924126264477839,
  "C": 3.573388252642387,
  "HTML": 2.829913689736264,
  "Java": 2.727413731079464,
  "PHP": 2.0073352636494235,
  "Kotlin": 1.8773803036293593,
  "Ruby": 1.8661171553756621,
  "CSS": 1.823974943184724,
  "Dart": 1.8217000188857337,
  "SCSS": 1.391975073326206,
  "Jupyter Notebook": 1.343311995029132,
  "Vue": 1.1410565691461465,
  "Dockerfile": 0.9063572645428776,
  "MDX": 0.8220051676191762,
  "Makefile": 0.7063125844153956,
  "HCL": 0.6876439019893704,
  "Swift": 0.5860488799056824,
  "CMake": 0.5675304686225388,
  "Lua": 0.5069209347861292,
  "Smarty": 0.3835520335908562,
  "PowerShell": 0.3782012332671375,
  "Svelte": 0.3131933372325973,
  "Clojure": 0.30657628454140184,
  "Markdown": 0.29260134380750247,
  "Nix": 0.2825853763860009,
  "Batchfile": 0.2523259456768479,
  "DM": 0.24363522173152874,
  "Mustache": 0.19337567358227872,
  "Solidity": 0.17876659850220317,
  "Objective-C": 0.17351193879058469,
  "WebAssembly": 0.15058152103202813,
  "R": 0.14471547416139247,
  "XML": 0.1432269882329543,
  "Nim": 0.14150152656144752,
  "Jinja": 0.14068444081823728,
  "PLpgSQL": 0.13724928541605394,
  "Sway": 0.13068144943868804,
  "Perl": 0.12636193517297367,
  "Fluent": 0.1119319798987119,
  "TeX": 0.1073279307412083,
  "Tcl": 0.10708439264442231,
  "Vim Script": 0.09900690701445364,
  "Zig": 0.09583868133550671,
  "Roff": 0.09240764684476097,
  "Cuda": 0.08135200235562759,
  "Handlebars": 0.07353109529870969,
  "Adblock Filter List": 0.06926188210058869,
  "Scala": 0.06785629116558614,
  "Blade": 0.06568729281044634,
  "Haxe": 0.06476877924717904,
  "BitBake": 0.057822939133268046,
  "D": 0.052019416264040386,
  "MLIR": 0.04871520432171114,
  "Rich Text Format": 0.046536429329416845,
  "Crystal": 0.04603180022705874,
  "Gleam": 0.04551717283494763,
  "DIGITAL Command Language": 0.04465216417844192,
  "Meson": 0.04457334778119821,
  "V": 0.0407915036010347,
  "Cairo": 0.04053777599992403,
  "1C Enterprise": 0.039032759456173606,
  "Gherkin": 0.0371078082230349,
  "Inno Setup": 0.028104799432248247,
  "Astro": 0.026781156107501217,
  "PLSQL": 0.026694317504802986,
  "Assembly": 0.025666161374733827,
  "EJS": 0.024915472496199853,
  "TSQL": 0.024258447698480186,
  "MATLAB": 0.022938965659516544,
  "Stylus": 0.020100408295863046,
  "Nushell": 0.019729837181529417,
  "Objective-C++": 0.018457026045125446,
  "LLVM": 0.018284284909116297,
  "Twig": 0.015823632854552284,
  "Groovy": 0.015648781788537534,
  "Less": 0.014851140106730984,
  "Scheme": 0.014749668283089646,
  "Hack": 0.014693526967294085,
  "Move": 0.014049618046415413,
  "M4": 0.013638176442112609,
  "Starlark": 0.0118015028227557,
  "Erlang": 0.011538816931187856,
  "GSC": 0.011271034126785205,
  "Just": 0.010655804055486079,
  "QML": 0.009429671561325402,
  "Elixir": 0.007794247374380566,
  "Visual Basic .NET": 0.007766629358839322,
  "ActionScript": 0.007430801627563952,
  "Jsonnet": 0.006721153974899188,
  "GLSL": 0.006268555047154288,
  "q": 0.006148039210046046,
  "Pascal": 0.005982446543473833,
  "NSIS": 0.005945433729313421,
  "Pug": 0.005831628248553837,
  "Yacc": 0.005415946626671745,
  "Mako": 0.004083586289480304,
  "Bicep": 0.0036417274897062235,
  "jq": 0.0033716265136633297,
  "NASL": 0.0032759997188782043,
  "Liquid": 0.003209271733710146,
  "Cap'n Proto": 0.0031216235032854455,
  "Emacs Lisp": 0.0027546253738437174,
  "Typst": 0.002596169144652186,
  "WGSL": 0.002515147450214922,
  "Mermaid": 0.002425062570179053,
  "CUE": 0.002084310689817269,
  "Earthly": 0.0020438133434040485,
  "sed": 0.001997503987785498,
  "Kit": 0.0017957091146967663,
  "Zephir": 0.001627541651859756,
  "Io": 0.0014834031129513682,
  "Sass": 0.0013549797259280799,
  "Cython": 0.001328002461969244,
  "OpenEdge ABL": 0.0011595683083510005,
  "AIDL": 0.0010293564482002878,
  "Open Policy Agent": 0.0010050370252191556,
  "Rez": 0.0009716045435850249,
  "HiveQL": 0.0009499247497486156,
  "XSLT": 0.0009330770541526722,
  "Haskell": 0.0008290786044279947,
  "Fortran": 0.0007488832348205443,
  "Sage": 0.0006710854930148943,
  "Metal": 0.0006674046019524136,
  "Vala": 0.0006588717638421712,
  "Ragel": 0.0006562724641711608,
  "XQuery": 0.0006187197570295303,
  "Volt": 0.0006135514571105384,
  "AppleScript": 0.0006089386399564528,
  "Ren'Py": 0.0005658926244998888,
  "SmPL": 0.0005472158452125631,
  "Julia": 0.0005279183711379564,
  "Clean": 0.0004976471708858149,
  "Lex": 0.0004884141877915096,
  "HLSL": 0.00044315333856651126,
  "SWIG": 0.00037584968875317124,
  "ANTLR": 0.0003420049185883209,
  "RobotFramework": 0.00033860788651505754,
  "Game Maker Language": 0.0002821482670231731,
  "Scilab": 0.0002803327018863778,
  "GDScript": 0.0002682606491881932,
  "SAS": 0.0002677336046347364,
  "UnrealScript": 0.00026621552157377455,
  "Kaitai Struct": 0.00025407707957978126,
  "FreeMarker": 0.0002487533991099326,
  "Brainfuck": 0.00023627425398125968,
  "Qt Script": 0.00021372150401765462,
  "Visual Basic 6.0": 0.0002042492256503429,
  "POV-Ray SDL": 0.0002025919803122589,
  "Awk": 0.00019713027146711528,
  "PostScript": 0.00018431893783102878,
  "Procfile": 0.00018289474851403064,
  "CoffeeScript": 0.0001828523855553464,
  "kvlang": 0.0001601428044294633,
  "PureBasic": 0.0001590460023330642,
  "Apex": 0.00014872539773083088,
  "Smithy": 0.00013638867789209745,
  "Smalltalk": 0.00013246585695255358,
  "Standard ML": 0.00012872466257736825,
  "LilyPond": 0.00011904725358695601,
  "VBScript": 0.00011636271456841495,
  "QMake": 0.00010995738016288146,
  "EmberScript": 0.00010720376488383545,
  "Common Lisp": 0.00010469956402294572,
  "Yul": 0.00010352682777906751,
  "E": 0.00010267632704988368,
  "Ant Build System": 0.00009965885872449765,
  "D2": 0.00009919848530215519,
  "Marko": 0.00009455321763794918,
  "RenderScript": 0.00009250587613075518,
  "FIRRTL": 0.0000833323575750036,
  "MAXScript": 0.00008178975864514617,
  "GDB": 0.00007739251673578835,
  "Elm": 0.00007502362924553642,
  "Reason": 0.00007029656587281896,
  "ShaderLab": 0.00005078146481963091,
  "Euphoria": 0.00005045602580306539,
  "Slim": 0.00004661428936742583,
  "Riot": 0.00004239998734709212,
  "SystemVerilog": 0.00004029191050469277,
  "F#": 0.00003772579741386806,
  "Luau": 0.0000358995405457466,
  "AspectJ": 0.00003180468356799533,
  "PureScript": 0.0000317844573050809,
  "Prolog": 0.000031722793266145146,
  "Raku": 0.00003114971053728237,
  "Imba": 0.0000291834344372254,
  "Elvish": 0.00002688744676500623,
  "YARA": 0.000026751058084816286,
  "Limbo": 0.000025747894043191394,
  "Verilog": 0.00002436988423199122,
  "Processing": 0.000020656585423041187,
  "templ": 0.00002008667358702859,
  "VHDL": 0.000018480406573354955,
  "Nu": 0.000017341523091172376,
  "OCaml": 0.00001682875993185936,
  "SourcePawn": 0.000016357775710990524,
  "Gnuplot": 0.000016063475172570066,
  "MoonScript": 0.000015296686830478922,
  "GAP": 0.00001467256707757257,
  "Nunjucks": 0.000012708735105922668,
  "Thrift": 0.000007857225045995654,
  "DTrace": 0.00000765694899440472,
  "Forth": 0.0000073790864678826654,
  "Xtend": 0.00000620569530695743,
  "JetBrains MPS": 0.000005886874884175343,
  "Redcode": 0.000005798397382050076,
  "Promela": 0.000004916935119448271,
  "Max": 0.000004751048167213038,
  "Boogie": 0.000004333364806324072,
  "JSONiq": 0.000004330751203578782,
  "Ada": 0.00000427764636346356,
  "Module Management System": 0.000004187242013301783,
  "COBOL": 0.0000039377675636845364,
  "Mathematica": 0.0000037877098782114794,
  "Eiffel": 0.0000037764561309598316,
  "ASP.NET": 0.000003758519581338186,
  "Xonsh": 0.0000037275510493672823,
  "Pawn": 0.0000033482451313696967,
  "XS": 0.0000033345555692055735,
  "Clarion": 0.0000031481813660437494,
  "Dhall": 0.000002347281396546659,
  "ImageJ Macro": 0.0000023147695036845037,