{
  "Go": 15.806775640782059,
  "TypeScript": 13.411205555724518,
  "Python": 12.1987901146289,
  "JavaScript": 8.313760888523666,
  "Rust": 4.658986174934311,
  "C#": 4.5145823113244266,
  "PHP": 4.143353598465168,
  "Shell": 4.0829487419311565,
  "Java": 3.787951183290122,
  "C++": 3.258108853599636,
  "HTML": 3.1413960712641393,
  "C": 2.511537809773353,
  "CSS": 1.9369388172808515,
  "SCSS": 1.720244697603325,
  "Kotlin": 1.4979366190840473,
  "Dart": 1.294414443906337,
  "Ruby": 1.1481417713489253,
  "Jupyter Notebook": 1.0366124189384796,
  "HCL": 0.8655657167618186,
  "Vue": 0.8235974680122493,
  "Dockerfile": 0.788840612601813,
  "Lua": 0.7272321598697065,
  "MDX": 0.6145742954356536,
  "Smarty": 0.5977056985998753,
  "Makefile": 0.5872616215403412,
  "XML": 0.5078670574054441,
  "Swift": 0.41412786521592726,
  "Objective-C": 0.34183339740138674,
  "Move": 0.2763418091168876,
  "Nim": 0.2749960069441351,
  "WebAssembly": 0.2712035334932311,
  "Mustache": 0.2676177001288147,
  "Jinja": 0.2536973934032554,
  "PLpgSQL": 0.21662116883920815,
  "Nix": 0.2103498806339677,
  "PowerShell": 0.2030604366808823,
  "Clojure": 0.19674768837848497,
  "Markdown": 0.18656623841556513,
  "DM": 0.18584306991501934,
  "Svelte": 0.1660184741822752,
  "Zig": 0.15655142102270375,
  "CMake": 0.15384795305396595,
  "Perl": 0.15278267212655885,
  "Vim Script": 0.13124324889363684,
  "Tcl": 0.11536886317508491,
  "Blade": 0.1153389403654744,
  "Adblock Filter List": 0.11275958087390334,
  "Twig": 0.09696887858652266,
  "Rich Text Format": 0.0964538461164448,
  "PLSQL": 0.06984947940258747,
  "Solidity": 0.06958570836901354,
  "Nushell": 0.06575652665807825,
  "Batchfile": 0.06251746466570109,
  "Cairo": 0.056708628980163836,
  "MLIR": 0.0500253994236423,
  "Cuda": 0.0476953035361985,
  "Emacs Lisp": 0.0462689284879226,
  "TeX": 0.045891582263710484,
  "Scala": 0.04199943981924678,
  "Haskell": 0.03939822247450211,
  "Red": 0.03804000006199028,
  "TSQL": 0.03798167494856774,
  "Gherkin": 0.03793701337834289,
  "Erlang": 0.03583159913604669,
  "Prolog": 0.03461116547639901,
  "Fluent": 0.03139207408858057,
  "Pascal": 0.03045841502216666,
  "Liquid": 0.028668069604979158,
  "Starlark": 0.027398584124306194,
  "Haxe": 0.026599438705409734,
  "Stylus": 0.02338864653695993,
  "Less": 0.02303078822990329,
  "Astro": 0.02289408622097635,
  "Jsonnet": 0.020307600372676725,
  "1C Enterprise": 0.020281703598423753,
  "M4": 0.019670587489591138,
  "Crystal": 0.01862097775964612,
  "Handlebars": 0.01810819558941257,
  "Objective-C++": 0.01694185808555332,
  "Meson": 0.01606361167363386,
  "Volt": 0.015228377076497044,
  "KakouneScript": 0.014377652005856213,
  "Groovy": 0.014020923002275407,
  "Haml": 0.013686818679914644,
  "Sass": 0.012433305707190392,
  "Antlers": 0.01239731665335354,
  "Assembly": 0.01165508711107842,
  "Roff": 0.011403194490388856,
  "Mako": 0.010682185886350537,
  "Mermaid": 0.010059667082704714,
  "ANTLR": 0.009310872473285044,
  "Verilog": 0.00922739974565483,
  "IDL": 0.00914299131867209,
  "Yul": 0.007859537020914117,
  "Yacc": 0.007600602567956273,
  "Visual Basic .NET": 0.007595595819403963,
  "Inno Setup": 0.007585472870141268,
  "Hack": 0.007026998505290281,
  "Rebol": 0.006155928903831829,
  "CoffeeScript": 0.00564885759846251,
  "OCaml": 0.005419413058077273,
  "Just": 0.005311982871038713,
  "GSC": 0.00498514168574102,
  "Elixir": 0.0040941234788198205,
  "q": 0.00406026661744985,
  "GLSL": 0.003996489950638927,
  "QML": 0.003711545310322115,
  "SWIG": 0.0033789987591823483,
  "PostScript": 0.0032253402335651648,
  "Typst": 0.003123235135342723,
  "VCL": 0.003052289136489909,
  "RobotFramework": 0.0028389603032281563,
  "NSIS": 0.002790943138860166,
  "SystemVerilog": 0.0026567721738461,
  "CUE": 0.0021778779372301407,
  "R": 0.0021105921837324734,
  "FreeMarker": 0.0020728630478840963,
  "Scheme": 0.0020713037395080746,
  "Cython": 0.002065392233710879,
  "AppleScript": 0.0017510586762986644,
  "CodeQL": 0.0016997886070713039,
  "Pug": 0.0015825144964976398,
  "XSLT": 0.0015586906639423461,
  "DIGITAL Command Language": 0.0015044919282184452,
  "Bikeshed": 0.0014390081604152114,
  "HiveQL": 0.0013763114948571445,
  "MATLAB": 0.0013327278803981974,
  "Metal": 0.0012916397756561168,
  "Vala": 0.0012805515239001904,
  "Thrift": 0.001269624643784344,
  "WGSL": 0.001220086765167535,
  "NASL": 0.001065827343916725,
  "sed": 0.001062530507029359,
  "POV-Ray SDL": 0.0009719714144279736,
  "EJS": 0.0009064332159932334,
  "SMT": 0.0008658211735007205,
  "Smithy": 0.0008594530935824355,
  "Fortran": 0.0008255357874452823,
  "Processing": 0.000744460626408572,
  "GDScript": 0.0007015358567579055,
  "Bicep": 0.0006991270730664944,
  "COBOL": 0.0006632909888667926,
  "GAP": 0.0005974252115378632,
  "VBScript": 0.0005966497816991262,
  "Sage": 0.0005365681805786216,
  "Cap'n Proto": 0.0005259056341165736,
  "SmPL": 0.0005124588365682405,
  "Mathematica": 0.0004928555004306008,
  "Open Policy Agent": 0.00048569661476366937,
  "Puppet": 0.00043313510724818084,
  "HLSL": 0.0004166122551124733,
  "ActionScript": 0.00040755715112522183,
  "Ant Build System": 0.0003540239343099022,
  "ASP.NET": 0.0003515059339021141,
  "Ragel": 0.000296958512860112,
  "Boogie": 0.00028002237021732077,
  "Turing": 0.00026665493157152886,
  "jq": 0.00026559641301788465,
  "Visual Basic 6.0": 0.00026391430036062664,
  "AIDL": 0.0002605305005206569,
  "Scilab": 0.00024742091974468583,
  "Common Lisp": 0.0002358578801093846,
  "EmberScript": 0.00019557492405429392,
  "Game Maker Language": 0.00018743537701538878,
  "D": 0.00017174591990852113,
  "Xtend": 0.0001396738596286462,
  "Slim": 0.00013235444420725822,
  "Lex": 0.00012436041902232623,
  "GDB": 0.00011743523217224584,
  "Awk": 0.00010824211029243565,
  "MoonScript": 0.00010686356672932425,
  "OpenEdge ABL": 0.00009781646485230743,
  "PureBasic": 0.00008200062930373407,
  "XS": 0.00007389742871174407,
  "D2": 0.00007314015895684849,
  "F#": 0.00006661339182481284,
  "RenderScript": 0.00006371859200530932,
  "Logos": 0.00006344028065906216,
  "SourcePawn": 0.000052481142278356896,
  "ZenScript": 0.000050973037573841744,
  "QMake": 0.00004701121875316418,
  "Xonsh": 0.00004068625862823598,
  "Marko": 0.000039958003794308806,
  "Io": 0.00003908673217677147,
  "Procfile": 0.00003874061093046448,
  "Pawn": 0.00003849869399665839,
  "Motoko": 0.00003512456547196233,
  "SQLPL": 0.00003313618966913776,
  "Harbour": 0.000032982681060662636,
  "Ada": 0.000028064371441553613,
  "VHDL": 0.000023427495001099376,
  "DTrace": 0.000023082168504444793,
  "Raku": 0.000021678818923054963,
  "Nasal": 0.000021014960519719903,
  "Earthly": 0.00001920039780187566,
  "UnrealScript": 0.0000162352608778672,
  "OpenSCAD": 0.000014465364215825296,
  "Qt Script": 0.000014406072212993064,
  "Imba": 0.000013880539974415912,
  "AspectJ": 0.00001309888563384827,
  "Elvish": 0.00001298070643969504,
  "RPC": 0.000012728851420188917,
  "Julia": 0.000012028561576150347,
  "Module Management System": 0.000011674283386563636,
  "ShaderLab": 0.000011471555409846682,
  "LLVM": 0.000009820627137753369,
  "Alloy": 0.000009674143808756186,
  "Racket": 0.000009032375550381807,
  "Grammatical Framework": 0.000008959187971203747,
  "ASL": 0.000007774191773769788,
  "Max": 0.000006674455249167624,
  "G-code": 0.000005610408949767925,
  "Coq": 0.000005358090431105693,
  "Riot": 0.000005284787484961577,
  "Nearley": 0.000005122791600658699,
  "AMPL": 0.000004928204641649981,
  "PEG.js": 0.000004917894550328902,
  "SAS": 0.000004665447574103942,
  "BitBake": 0.000004568145726627972,
  "Velocity Template Language": 0.0000045383743324631255,
  "Smalltalk": 0.000004449340968741215,
  "XC": 0.0000042649378743116255,
  "Clarion": 0.0000030160150551108966,
  "Modula-3": 0.0000024037268874113,
  "Cypher": 0.0000023865707413625947,
  "IGOR Pro": 0.0000023170725095886404,
  "M": 0.0000022727062117783314,
  "SugarSS": 0.0000021677597599887954,
  "Forth": 0.0000019826833662292047,