{
  "Go": 14.990801834055887,
  "TypeScript": 14.364987327387329,
  "Python": 11.428505090776826,
  "JavaScript": 9.605641353870633,
  "C#": 4.7963649728341835,
  "Rust": 4.679457193977768,
  "Java": 4.252257364566582,
  "Shell": 3.57569631170844,
  "C++": 3.3426343510743464,
  "HTML": 3.33382717237216,
  "PHP": 2.298025328860303,
  "CSS": 2.1308313550377123,
  "C": 2.0634883957921364,
  "SCSS": 1.8405556608442408,
  "Ruby": 1.6955880657973106,
  "Kotlin": 1.5912046186600588,
  "Jupyter Notebook": 1.3126949246060682,
  "Dart": 1.194808949021008,
  "HCL": 1.0461529071150666,
  "MDX": 0.7350362115052961,
  "Vue": 0.6900834267469707,
  "Lua": 0.6810397894835576,
  "Makefile": 0.5987983232730149,
  "Dockerfile": 0.5963702979570165,
  "Swift": 0.5049985492822807,
  "XML": 0.4751439366021003,
  "CMake": 0.40230123096561005,
  "Objective-C": 0.36713037320355973,
  "Smarty": 0.33936328216528555,
  "Move": 0.2920985732341138,
  "Batchfile": 0.2597033346070454,
  "Nix": 0.2577037556356457,
  "Markdown": 0.2468730323147747,
  "Clojure": 0.2385912821410235,
  "Solidity": 0.23851865571399514,
  "DM": 0.22633568774227653,
  "Svelte": 0.21348066559371304,
  "Mustache": 0.2035919296225145,
  "R": 0.2017495831943361,
  "Nim": 0.19937275029735588,
  "PowerShell": 0.19177987263300605,
  "WebAssembly": 0.18729288985205134,
  "Jinja": 0.1688525067660386,
  "PLpgSQL": 0.16736939847302007,
  "Cairo": 0.15696059192403677,
  "TeX": 0.11708036639143883,
  "Blade": 0.11617527772618572,
  "Vim Script": 0.11302870449836,
  "Rich Text Format": 0.08464922471118493,
  "Fluent": 0.08130010777475055,
  "Perl": 0.06798176760566564,
  "Handlebars": 0.06636886986973632,
  "Tcl": 0.06078993982434101,
  "Zig": 0.05848129506919624,
  "Less": 0.05240785877003349,
  "MLIR": 0.04692611001753407,
  "Gherkin": 0.04341995988642119,
  "Adblock Filter List": 0.04142259493234483,
  "Scheme": 0.03933929205671671,
  "Nushell": 0.03638753188082736,
  "Astro": 0.0358516773656093,
  "Gleam": 0.03570127705943597,
  "Cuda": 0.03369904147438547,
  "TSQL": 0.029045386988218118,
  "PLSQL": 0.028732590710893242,
  "Roff": 0.02500691794489859,
  "Groovy": 0.023657915189278195,
  "Stylus": 0.02206944400966967,
  "Starlark": 0.018918253829477618,
  "Inno Setup": 0.01883676702409366,
  "Assembly": 0.018055117981947557,
  "Objective-C++": 0.0170799789775965,
  "Hack": 0.015312070065082032,
  "M4": 0.012649086338042988,
  "Haxe": 0.012231599442892845,
  "Volt": 0.012044640311889575,
  "Pug": 0.011807468516666786,
  "Antlers": 0.011669460522425417,
  "Nunjucks": 0.009923464737567759,
  "Just": 0.009748562788403012,
  "Elixir": 0.008835302657775483,
  "JSON": 0.008831908776162937,
  "ANTLR": 0.00853032264637324,
  "Twig": 0.0084658223182195,
  "RobotFramework": 0.006869134881104808,
  "GSC": 0.006686753673921528,
  "Haskell": 0.006332144324268614,
  "Scala": 0.0056908912815875744,
  "V": 0.0052944331658243814,
  "GLSL": 0.005092679839550068,
  "OCaml": 0.005091456964437159,
  "Thrift": 0.004541017945527429,
  "Slim": 0.0043748938289126064,
  "HiveQL": 0.00420785712066161,
  "Jsonnet": 0.004085949133331829,
  "Crystal": 0.004031597465179483,
  "Typst": 0.00387860709764142,
  "E": 0.0038140462198556517,
  "BitBake": 0.003794959024011843,
  "NSIS": 0.00364833641490802,
  "Yacc": 0.0036477834016002296,
  "Visual Basic .NET": 0.0034867462596469903,
  "WGSL": 0.003441695936077059,
  "EJS": 0.0032007180970647776,
  "Meson": 0.0031748313340665877,
  "Yul": 0.002857523096980444,
  "Mermaid": 0.0027587083739663825,
  "FreeMarker": 0.002714531644308677,
  "QML": 0.002591114921876693,
  "YAML": 0.002505017510007072,
  "Cap'n Proto": 0.0024585673091015816,
  "Kit": 0.0024584949864978347,
  "LLVM": 0.0022410986515451377,
  "Cython": 0.0022262216216709474,
  "Open Policy Agent": 0.0018884869449465643,
  "NASL": 0.0018053110493507164,
  "q": 0.0016642036443057506,
  "Sass": 0.001595937900651585,
  "ShaderLab": 0.001275025625903858,
  "VCL": 0.0012622623864897893,
  "MATLAB": 0.0011493366840227945,
  "sed": 0.0010972572389931746,
  "Emacs Lisp": 0.0010808371809036474,
  "HLSL": 0.0010660146752787415,
  "DIGITAL Command Language": 0.0009385845751332569,
  "AppleScript": 0.0009368718989440976,
  "ActionScript": 0.0008696138713502818,
  "Processing": 0.000848800745997742,
  "YARA": 0.0008393376247764941,
  "1C Enterprise": 0.0008322930946633542,
  "Liquid": 0.0008137306878031901,
  "Sage": 0.0007759436473284524,
  "Erlang": 0.0007728608382512344,
  "Fortran": 0.0007046930589898874,
  "Ragel": 0.0006881092305269787,
  "XSLT": 0.0006698022884579657,
  "CoffeeScript": 0.0006295147045540623,
  "GAP": 0.0006020796187562968,
  "Metal": 0.0004995534411756018,
  "Clean": 0.0004913380242351118,
  "QMake": 0.0004836879652015966,
  "PostScript": 0.00048220036392424904,
  "Lex": 0.00045567782720340016,
  "Brainfuck": 0.00038515230694479926,
  "Smali": 0.0003611693604914833,
  "Max": 0.0003482128465051141,
  "SWIG": 0.0003301562239359092,
  "Ant Build System": 0.00033003996934128765,
  "Vim Snippet": 0.0003184003878245986,
  "SmPL": 0.00031647323876119756,
  "Game Maker Language": 0.000305989168124598,
  "Scilab": 0.0002908055058808842,
  "POV-Ray SDL": 0.0002880231965194526,
  "Bicep": 0.0002742560480802302,
  "GDScript": 0.0002504914169724269,
  "Common Lisp": 0.00023850328828241548,
  "ASP.NET": 0.00023324649638191395,
  "Mathematica": 0.00022885181369127608,
  "Julia": 0.00022653053664453994,
  "Pascal": 0.0002190857981481293,
  "D": 0.00020778605501665836,
  "jq": 0.00020315135693373126,
  "AIDL": 0.00018649743043495305,
  "Xonsh": 0.00017818297973749432,
  "Prolog": 0.0001681915394356983,
  "Procfile": 0.00015395970683798016,
  "RenderScript": 0.00015325031574699256,
  "Awk": 0.00015134540248516162,
  "Brightscript": 0.00014702823092564685,
  "SystemVerilog": 0.0001464164509588271,
  "F#": 0.00011947073803331982,
  "Apex": 0.00010832679259338947,
  "AspectJ": 0.00010739579118448193,
  "Mako": 0.00010093749276579155,
  "Visual Basic": 0.0000906079825390577,
  "Smithy": 0.0000896261765752126,
  "GDB": 0.00008708809380074201,
  "Sway": 0.00007975537768005922,
  "MoonScript": 0.00007682816407119325,
  "Smalltalk": 0.0000743969300938834,
  "MAXScript": 0.00007283118306442367,
  "Marko": 0.00007216845870760684,
  "Qt Script": 0.00006961421623166917,
  "Pike": 0.00006836142053394636,
  "Elm": 0.00006823393066388542,
  "UnrealScript": 0.00006807374262113647,
  "Verilog": 0.00006628703858951666,
  "LOLCODE": 0.00006522935780010867,
  "SQLPL": 0.00006373116845173852,
  "Ada": 0.00004638033503619635,
  "Nemerle": 0.000046352694771138305,
  "Io": 0.00004280806311644439,
  "Asymptote": 0.00004016018520417301,
  "OpenEdge ABL": 0.00003575023263607497,
  "xBase": 0.000034781300488202223,
  "Boogie": 0.000033477725234701915,
  "Hy": 0.000031297102851048616,
  "LookML": 0.000029367137403259193,
  "Forth": 0.000027943226421526686,
  "Perl 6": 0.000027266291041846066,
  "Elvish": 0.000027226208365577447,
  "Raku": 0.00002715187541858004,
  "ABAP": 0.0000262175875402366,
  "COBOL": 0.000025798106139592815,
  "Earthly": 0.000023677352667209337,
  "SourcePawn": 0.000022904446969188146,
  "Visual Basic 6.0": 0.000022768056117356763,
  "PEG.js": 0.00002178110566463782,
  "AMPL": 0.000020957156649756154,
  "Module Management System": 0.0000204136356767476,
  "VHDL": 0.000019734134252835846,
  "CUE": 0.00001966501195223935,
  "CWeb": 0.000017736350449152334,
  "StringTemplate": 0.000015963394991747307,
  "Nasal": 0.000012994077547069345,
  "Grammatical Framework": 0.000010262411579907967,
  "Riot": 0.000009544895419456586,
  "Vala": 0.000009481445455054512,
  "Puppet": 0.0000089540396510436,
  "Alloy": 0.000008735647995208453,
  "Gnuplot": 0.000008723073228990415,
  "Imba": 0.000007974769946040267,
  "VBScript": 0.000007029321097383697,
  "EmberScript": 0.000006753478308358556,
  "PigLatin": 0.000005968438584287825,
  "Pawn": 0.000005812159680343737,
  "Coq": 0.000005727364857293611,
  "Modula-3": 0.000005549010092977256,
  "PureBasic": 0.000005289113315372753,