{
  "TypeScript": 14.251191151628632,
  "Python": 13.578708494985502,
  "Go": 12.472573082854973,
  "JavaScript": 8.527656100916417,
  "C#": 4.752449834547864,
  "C++": 4.364668038078074,
  "Rust": 4.055497470526749,
  "Shell": 3.8466532461336476,
  "C": 3.8186142480167966,
  "HTML": 2.9037203187353744,
  "Java": 2.817655294710951,
  "PHP": 2.4026419109440886,
  "Kotlin": 2.0553364216678727,
  "Ruby": 1.8424762081465458,
  "Dart": 1.8382608274277137,
  "SCSS": 1.3248633766815017,
  "CSS": 1.307230829110717,
  "Jupyter Notebook": 1.2665307309629557,
  "Vue": 1.1926849915187052,
  "Dockerfile": 0.8739715058417517,
  "Makefile": 0.7145573979761821,
  "Swift": 0.7087935278130769,
  "CMake": 0.7066252350729927,
  "MDX": 0.6586789099063983,
  "Lua": 0.5608293167711214,
  "HCL": 0.5332505851800654,
  "Smarty": 0.3875646516741978,
  "Nix": 0.3498492770351761,
  "Markdown": 0.3259262434181693,
  "Clojure": 0.3204098428791887,
  "WebAssembly": 0.30942937610095894,
  "Mustache": 0.28834592398487846,
  "Svelte": 0.2800782719832932,
  "PowerShell": 0.2626858333068238,
  "Solidity": 0.2075613293567399,
  "Jinja": 0.20061525754237536,
  "D": 0.19811776812245374,
  "Batchfile": 0.1974344550717027,
  "DM": 0.1862408221610753,
  "PLpgSQL": 0.16988745701906874,
  "Objective-C": 0.16625527579909133,
  "Nim": 0.16455687141756495,
  "Zig": 0.14804757779665714,
  "Sway": 0.13843159655645465,
  "XML": 0.12270478853120724,
  "Tcl": 0.11508708473709353,
  "Perl": 0.10825745490575392,
  "Adblock Filter List": 0.10262479053869797,
  "Roff": 0.10204116259997377,
  "VCL": 0.10033750697313978,
  "Vim Script": 0.09888574518576913,
  "Fluent": 0.09728916933965044,
  "Blade": 0.09527135235664136,
  "Cairo": 0.09484048030956257,
  "Cuda": 0.0865770846069707,
  "Scala": 0.0673718644710527,
  "Crystal": 0.06125864715384732,
  "Haxe": 0.06091602194815438,
  "Handlebars": 0.05468853431093801,
  "MLIR": 0.05064114265800177,
  "TeX": 0.05051072172700148,
  "Gherkin": 0.04661245383809302,
  "DIGITAL Command Language": 0.04398197977383066,
  "Meson": 0.0434448005018455,
  "V": 0.040677456674675504,
  "1C Enterprise": 0.038921482387228125,
  "Astro": 0.03799498500332053,
  "LLVM": 0.035562436399435626,
  "Twig": 0.034382688350056013,
  "BitBake": 0.032433613597261865,
  "Assembly": 0.02941697434713649,
  "Inno Setup": 0.028604560646389436,
  "OCaml": 0.028057415217198397,
  "PLSQL": 0.026413881786250436,
  "EJS": 0.02482698728000084,
  "MATLAB": 0.022209753317016398,
  "Nushell": 0.019759339188238377,
  "Objective-C++": 0.019305858536838544,
  "M4": 0.01667676870795919,
  "TSQL": 0.015371363484724506,
  "Just": 0.015317428903793607,
  "Scheme": 0.014586634489999027,
  "MoonScript": 0.013989421107684221,
  "Stylus": 0.013348294223438644,
  "GSC": 0.013032686781446281,
  "Starlark": 0.012092115372197496,
  "Less": 0.011130670610384781,
  "QML": 0.01027191472344244,
  "GLSL": 0.008654327569395083,
  "Visual Basic .NET": 0.007740518070944486,
  "Elixir": 0.007470676567596529,
  "Groovy": 0.007367541706306624,
  "ActionScript": 0.006272718181285747,
  "NSIS": 0.005912103447200531,
  "R": 0.005774934194169583,
  "Cython": 0.005581890072706605,
  "Yacc": 0.005454467192991495,
  "Lean": 0.00521534877294417,
  "Jsonnet": 0.005128030911085524,
  "Bicep": 0.005012310004113268,
  "Typst": 0.004647622679770668,
  "q": 0.004559831315169327,
  "Volt": 0.004052279804421263,
  "Rich Text Format": 0.004013155381079125,
  "NASL": 0.0035845213177155204,
  "jq": 0.003468570857971778,
  "Liquid": 0.0034427694452853746,
  "WGSL": 0.0033735198746710666,
  "Mermaid": 0.003051138452748188,
  "templ": 0.0028934156451900644,
  "Emacs Lisp": 0.0027309747212695876,
  "Earthly": 0.0026550885192299194,
  "Cap'n Proto": 0.002566866226798971,
  "Mako": 0.002399431691909498,
  "Metal": 0.002259053505330582,
  "CUE": 0.0022557887741401932,
  "Move": 0.0019853965476582113,
  "sed": 0.0019290333568320092,
  "Zephir": 0.0016190290137192327,
  "ANTLR": 0.0015607389985301551,
  "Io": 0.0014070646022133098,
  "XSLT": 0.001276770028248723,
  "Sass": 0.0012120808733661627,
  "Hack": 0.0011922983282702036,
  "Open Policy Agent": 0.00117560187712075,
  "Fortran": 0.0011563149662990014,
  "FreeMarker": 0.0010598129093545901,
  "Kit": 0.0010225548799669176,
  "Sage": 0.0010096188881605986,
  "OpenEdge ABL": 0.0009928596770978264,
  "Vala": 0.0009850532492986206,
  "HLSL": 0.000970492566737924,
  "Rez": 0.0009694958508936344,
  "HiveQL": 0.0009405592988683978,
  "AIDL": 0.0008291917542854984,
  "ShaderLab": 0.0006990912401335915,
  "AppleScript": 0.0006905951489664748,
  "Brainfuck": 0.0006706750293663477,
  "XQuery": 0.0006168681617130989,
  "SmPL": 0.0005743735429177309,
  "Ren'Py": 0.0005610259479307743,
  "Julia": 0.0005370481974119169,
  "Haskell": 0.000498694490167409,
  "Lex": 0.0004790890928739791,
  "Pascal": 0.0004597516441403142,
  "Pug": 0.0004501116959777323,
  "SWIG": 0.00041929105370205926,
  "GDScript": 0.0003784748637739569,
  "RobotFramework": 0.00033791310196274566,
  "Qt Script": 0.0002615217878301702,
  "SAS": 0.0002582752362587945,
  "Ada": 0.0002330888610963673,
  "Kaitai Struct": 0.00023173289771034254,
  "QMake": 0.00022451385360284517,
  "Awk": 0.0002086594220121037,
  "Visual Basic 6.0": 0.00020354763746492757,
  "Thrift": 0.0001893538169590619,
  "POV-Ray SDL": 0.00017980135742887732,
  "FIRRTL": 0.00017854491619057048,
  "Scilab": 0.00017643023095443593,
  "Brightscript": 0.00016663534989806763,
  "Smalltalk": 0.0001592293789893459,
  "Procfile": 0.00015336775618518582,
  "Elm": 0.0001513908311333715,
  "PureBasic": 0.00014795359214698562,
  "Smithy": 0.00014699903083687115,
  "PostScript": 0.00013902331573616242,
  "UnrealScript": 0.0001375140587326533,
  "Common Lisp": 0.00013507368641115186,
  "Standard ML": 0.00013415572207265832,
  "CoffeeScript": 0.0001193025046195549,
  "VBScript": 0.00011566545445857487,
  "E": 0.0001034403720022723,
  "Visual Basic": 0.0001026911143451715,
  "EmberScript": 0.00010071129918027024,
  "Circom": 0.00010029764265752032,
  "Game Maker Language": 0.00009937628478951857,
  "D2": 0.00009378507758048481,
  "F#": 0.00009221279754764566,
  "Haml": 0.0000879675145322645,
  "Ant Build System": 0.00008476764938885436,
  "GDB": 0.00008250235417610216,
  "Pike": 0.00007764013695270172,
  "Apex": 0.00007464122663051816,
  "LOLCODE": 0.00007392809389201004,
  "RPGLE": 0.00007241718635636614,
  "Erlang": 0.00006980985805445336,
  "Reason": 0.00006979873759475905,
  "Prolog": 0.0000697657082238744,
  "SystemVerilog": 0.0000677660821790982,
  "Processing": 0.000052732615747883504,
  "Nemerle": 0.00005253411173676597,
  "Euphoria": 0.00005032975409970686,
  "Forth": 0.00003986574164078074,
  "xBase": 0.000039340660737311245,
  "Clean": 0.00003930086810262359,
  "Ragel": 0.00003866433682816031,
  "COBOL": 0.00003315891841348582,
  "Slim": 0.00003242883864574587,
  "Verilog": 0.00003170751958905028,
  "PureScript": 0.000031613474541997627,
  "Riot": 0.000031490216393751976,
  "Perl 6": 0.00003090241866868587,
  "ABAP": 0.00002971386410450564,
  "RenderScript": 0.00002917478957737998,
  "Imba": 0.000028930149934375424,
  "ASP.NET": 0.000026395083011839766,
  "Limbo": 0.000025683992763024143,
  "PEG.js": 0.000024414973895110336,
  "VHDL": 0.000019870880546167375,
  "GAP": 0.000014530891858947181,
  "SourcePawn": 0.000014456820364579204,
  "Marko": 0.000014026739362121424,
  "Nunjucks": 0.000012664259422847847,
  "DTrace": 0.000012111947119022958,
  "Gnuplot": 0.000012079746655689737,
  "Alloy": 0.000010924450403576549,
  "Nu": 0.000009520940841021488,
  "AspectJ": 0.000009377009816889145,
  "JetBrains MPS": 0.000009349613156586397,
  "Xonsh": 0.000008410126307338223,
  "Module Management System": 0.0000073480075837865885,
  "YARA": 0.000007083891157659922,
  "Raku": 0.000006737014653803363,
  "mupad": 0.000006183215787310103,
  "Redcode": 0.000005781818338374011,
  "Boogie": 0.0000056202793807243135,
  "Max": 0.000005437477316031533,
  "Velocity Template Language": 0.000005124923330474317,