{
  "TypeScript": 15.290603760845132,
  "Python": 13.91444610928968,
  "Go": 12.580515042142808,
  "JavaScript": 7.595702857929538,
  "Kotlin": 4.8017310748012205,
  "Rust": 4.755540242130811,
  "C#": 4.337109616472222,
  "C++": 3.814231457428315,
  "Shell": 3.308596980076007,
  "Java": 2.810625753127895,
  "C": 2.729094298025043,
  "MDX": 2.375961102103792,
  "HTML": 2.268388670396198,
  "PHP": 2.170717693690546,
  "Ruby": 2.0107259001853204,
  "Dart": 1.3553802643534092,
  "CSS": 1.0815653049859961,
  "Jupyter Notebook": 1.0351351347407183,
  "Vue": 0.9936041321467977,
  "SCSS": 0.8314964623247277,
  "Nim": 0.6715358267049829,
  "Makefile": 0.6558087541448828,
  "Dockerfile": 0.610246489482432,
  "Lua": 0.5011261350099865,
  "CMake": 0.5010505544396683,
  "HCL": 0.4751183774486224,
  "Swift": 0.4704828315694294,
  "PowerShell": 0.367219658234667,
  "Smarty": 0.3544121628112013,
  "Svelte": 0.3367441752220853,
  "Markdown": 0.28416217837670166,
  "Mustache": 0.27088617789604297,
  "Cairo": 0.2536311984505644,
  "Clojure": 0.2244123811726503,
  "Nix": 0.21491307869264015,
  "Jinja": 0.18855069656788498,
  "TeX": 0.18640256211458914,
  "Blade": 0.18503513063321905,
  "WebAssembly": 0.18352169147598618,
  "Objective-C": 0.1824323303253196,
  "Solidity": 0.1594061473165556,
  "Batchfile": 0.1555411886303731,
  "D": 0.1331016872309981,
  "Sway": 0.11861158932794369,
  "V": 0.11325380353165969,
  "Roff": 0.09938112871603032,
  "Adblock Filter List": 0.08823635507991225,
  "Haxe": 0.08361919113046996,
  "Cuda": 0.07998745668275645,
  "Lean": 0.07981840776461188,
  "PLpgSQL": 0.07421340131465164,
  "XML": 0.07029457063503917,
  "Fluent": 0.06116014285830254,
  "MLIR": 0.054388829282455906,
  "ABAP": 0.05281467435394528,
  "Tcl": 0.05066835703819836,
  "Gherkin": 0.049727237076999886,
  "Groovy": 0.04857118216146954,
  "Haskell": 0.04472845293180165,
  "Scala": 0.04174095541900834,
  "Vim Script": 0.041697304186214014,
  "reStructuredText": 0.04094655111865181,
  "PLSQL": 0.04090277186221794,
  "Zig": 0.0408042426799209,
  "LLVM": 0.04078358691441221,
  "Perl": 0.0390764135289167,
  "YAML": 0.03789881802766945,
  "Bikeshed": 0.03715618918419627,
  "AutoHotkey": 0.03567469255260565,
  "F#": 0.03537839467464443,
  "OCaml": 0.03440690748980206,
  "Objective-C++": 0.034396152691031114,
  "Twig": 0.03205585839673891,
  "Assembly": 0.031659979939592894,
  "Jsonnet": 0.030714518607807856,
  "R": 0.025930552504107304,
  "Inno Setup": 0.025048642223697896,
  "Smali": 0.023149903807159502,
  "TSQL": 0.02199596736250272,
  "Gleam": 0.020775126512716176,
  "Handlebars": 0.020731229922378424,
  "Astro": 0.02063414246184026,
  "Less": 0.020037499976298518,
  "Verilog": 0.01893232070599505,
  "Luau": 0.01833654691879338,
  "Just": 0.01793238150652783,
  "1C Enterprise": 0.017907548403393158,
  "RobotFramework": 0.017366862924379826,
  "M4": 0.01518630532425621,
  "Starlark": 0.014757146876654298,
  "templ": 0.013235577019752184,
  "Move": 0.012537259445602172,
  "Stylus": 0.01238598822556529,
  "Nunjucks": 0.012201814758676021,
  "GLSL": 0.012201376743007999,
  "CodeQL": 0.011594377178291817,
  "XSLT": 0.01079865723915128,
  "PureScript": 0.010147577950231912,
  "QML": 0.009942166676159821,
  "GSC": 0.009092684092038603,
  "Rich Text Format": 0.008289695113878653,
  "API Blueprint": 0.008209785824813074,
  "Scheme": 0.0076383534855818,
  "Elixir": 0.007109178135535862,
  "SQL": 0.006569241924714009,
  "Erlang": 0.006025721825156064,
  "Crystal": 0.005894688599234104,
  "Visual Basic .NET": 0.00557341822289159,
  "Mojo": 0.005321878568166415,
  "Metal": 0.00519520694601902,
  "ReScript": 0.005163061603126965,
  "JSON": 0.004760331542324351,
  "SystemVerilog": 0.004658570773518602,
  "Kit": 0.004603666104708313,
  "Meson": 0.004424146709877812,
  "Open Policy Agent": 0.004379500540232126,
  "Julia": 0.004238678629706439,
  "HLSL": 0.00421591605246845,
  "CoffeeScript": 0.0038205758990252133,
  "Haml": 0.003760299491976737,
  "VCL": 0.0037077209483328513,
  "EJS": 0.00348197911928773,
  "Thrift": 0.0033783948030060907,
  "NSIS": 0.0032217603918743994,
  "Odin": 0.0030935873205946217,
  "Emacs Lisp": 0.0030794240465848756,
  "Yul": 0.0029448106965793788,
  "WGSL": 0.0028816541932897444,
  "SWIG": 0.0027809649552364367,
  "Earthly": 0.002743120521585803,
  "q": 0.002688738314745533,
  "Typst": 0.0026321635332922258,
  "Fortran": 0.0021881712697536014,
  "Lex": 0.002162354326377929,
  "CUE": 0.0020094375442228692,
  "AMPL": 0.0018205149997599552,
  "Sass": 0.001738510919905695,
  "Dafny": 0.001665465658667103,
  "NASL": 0.0016547825192436713,
  "Circom": 0.0016503236468234676,
  "sed": 0.0015927110913323236,
  "AppleScript": 0.0014994048105915858,
  "ShaderLab": 0.0014701644226207402,
  "Pascal": 0.001363604597949531,
  "XQuery": 0.0013381442450763842,
  "Mermaid": 0.0013104390727302446,
  "Mako": 0.0012835851278526625,
  "BitBake": 0.0012065199571868275,
  "Sage": 0.0011282318688221903,
  "Io": 0.0010626960942695586,
  "Dhall": 0.0010517264848453605,
  "Raku": 0.0010121980417164068,
  "CartoCSS": 0.0010094075199834495,
  "Pawn": 0.0009398875047965711,
  "Yacc": 0.0008865038792244864,
  "FreeMarker": 0.0008280938286982481,
  "Hack": 0.0008018927597340183,
  "Cython": 0.0007727454218581585,
  "Roc": 0.0006876923568531193,
  "Cap'n Proto": 0.0006588034071131986,
  "Stan": 0.0006497419148051633,
  "Common Lisp": 0.0006260081494722353,
  "Awk": 0.0005991262895692761,
  "SmPL": 0.0005643233654149391,
  "VHDL": 0.0005526767573442731,
  "ActionScript": 0.0005432874362250343,
  "Racket": 0.0005133839953241803,
  "AIDL": 0.0005122998031665613,
  "Scilab": 0.000497643962003672,
  "jq": 0.0004959919653142454,
  "Ballerina": 0.00044329368574096487,
  "Bicep": 0.0004006424387381246,
  "DTrace": 0.00037717795987681613,
  "WDL": 0.0003676323880119594,
  "GDScript": 0.0003329305388279782,
  "ANTLR": 0.00029626459369582375,
  "Procfile": 0.0002765038345191587,
  "Euphoria": 0.00024293081122559503,
  "Liquid": 0.00023858695313864808,
  "FIRRTL": 0.00021104686482226737,
  "UnrealScript": 0.00018897718500561259,
  "MATLAB": 0.00018709190469851672,
  "Qt Script": 0.00016113477061701834,
  "MQL5": 0.00014390042721096262,
  "Smalltalk": 0.0001348542796418808,
  "POV-Ray SDL": 0.00013400564240998456,
  "Ragel": 0.00012907989637316608,
  "PostScript": 0.00012519965989880562,
  "VBScript": 0.00012317670673719347,
  "StringTemplate": 0.00012083393393612189,
  "Game Maker Language": 0.00011788191713927508,
  "WebIDL": 0.00009597635395365144,
  "GAP": 0.00009211861742481069,
  "PEG.js": 0.00008655729695737055,
  "Pyret": 0.00008476890844881033,
  "MoonScript": 0.00008176019506760983,
  "Pug": 0.00008175111184368442,
  "Smithy": 0.00008168742436578446,
  "SMT": 0.00008072424008217622,
  "Augeas": 0.00007987123945200409,
  "Ant Build System": 0.00007895687845184213,
  "QMake": 0.00007561672461323075,
  "GDB": 0.00007204302220545101,
  "Sieve": 0.00007072806803525085,
  "Nushell": 0.00006661032353296363,
  "Vala": 0.000060606367263095826,
  "Csound": 0.00005816097965747884,
  "Dune": 0.00005572696585214433,
  "Boogie": 0.000053719706885866734,
  "J": 0.00005058784047048967,
  "Elvish": 0.000046354690948400224,
  "RenderScript": 0.00004380771814036976,
  "KRL": 0.00004047042708501628,
  "M": 0.000034106723668419604,
  "Visual Basic 6.0": 0.000030513552692788743,
  "Apex": 0.000029205353232749595,
  "Puppet": 0.00002031032534363388,
  "OpenEdge ABL": 0.000018945735591977164,
  "Prolog": 0.000017821516868908318,
  "SourcePawn": 0.00001687884915505381,
  "Xonsh": 0.000013178397216868523,
  "RPC": 0.000011254663287079208,
  "AGS Script": 0.000011039455030678736,
  "EmberScript": 0.000009567364415204247,
  "ASP.NET": 0.000009134008804157237,
  "Nearley": 0.000009003488136269375,
  "Standard ML": 0.000008309309193943279,
  "Slim": 0.00000805124208848037,
  "AspectJ": 0.00000784602862950234,
  "E": 0.000007339299432797432,
  "YARA": 0.000007208011086146245,
  "JetBrains MPS": 0.00000645699868161333,