{
  "Go": 15.727171996556946,
  "TypeScript": 13.425165962832954,
  "Python": 12.946338545696356,
  "JavaScript": 7.999120474034223,
  "C#": 4.422605463928537,
  "PHP": 4.381973991572837,
  "Rust": 4.318666637930893,
  "Java": 3.7876140733576404,
  "C++": 3.6844268211749216,
  "Shell": 3.1940164370699615,
  "HTML": 2.880156726664019,
  "C": 2.8523804011821823,
  "CSS": 2.089743046534643,
  "Kotlin": 1.5306054637801192,
  "SCSS": 1.4076367697737289,
  "Dart": 1.3697897912390071,
  "Lua": 1.344580668027908,
  "Jupyter Notebook": 1.1229989556933273,
  "Ruby": 0.9818493139246489,
  "Vue": 0.7813554809396609,
  "Dockerfile": 0.7783459683656768,
  "Smarty": 0.639834808718552,
  "Makefile": 0.5824822744171568,
  "MDX": 0.5164629586737807,
  "Starlark": 0.4350649792681796,
  "HCL": 0.4145394486719415,
  "Swift": 0.39178191949418584,
  "XML": 0.3605320432748968,
  "PLpgSQL": 0.3389895851676898,
  "Jinja": 0.31238754505800825,
  "WebAssembly": 0.2698726268837809,
  "Nix": 0.2497420138947791,
  "PowerShell": 0.24877997519935088,
  "Mustache": 0.24393901728154732,
  "Markdown": 0.2308216713832435,
  "Clojure": 0.2246303443871145,
  "Move": 0.21031351731466913,
  "Vim Script": 0.19580235341409147,
  "Nim": 0.17664237008918027,
  "CMake": 0.1724714423318047,
  "Perl": 0.162252824384927,
  "DM": 0.15164328115402234,
  "Zig": 0.1482302376709848,
  "Twig": 0.1442292863379521,
  "Adblock Filter List": 0.14033669496025034,
  "Objective-C": 0.12480109066140416,
  "Tcl": 0.11436779838965802,
  "Scala": 0.11391744371894341,
  "Cairo": 0.10543339667060422,
  "Svelte": 0.10539541168059507,
  "Blade": 0.07761856726621276,
  "Solidity": 0.07147133882517406,
  "Nushell": 0.06663977266042023,
  "Rich Text Format": 0.05382036522323418,
  "Pascal": 0.053759682161626354,
  "Cuda": 0.04798845386632962,
  "Emacs Lisp": 0.04646225030761094,
  "Batchfile": 0.04458389702366322,
  "Haskell": 0.03875171128339182,
  "MLIR": 0.037613025100201744,
  "Astro": 0.03759146750920154,
  "F#": 0.03536366676395121,
  "Erlang": 0.034833304055319314,
  "Macaulay2": 0.034264742115923084,
  "Prolog": 0.033660928629865916,
  "Gherkin": 0.03299700278958144,
  "Fluent": 0.0313711543758168,
  "Lean": 0.03092104948749948,
  "Scheme": 0.030197163434438595,
  "Handlebars": 0.027819928054822085,
  "Liquid": 0.027574817605589316,
  "Crystal": 0.027367415479947223,
  "Stylus": 0.02552931911909505,
  "M4": 0.021785150541260952,
  "TeX": 0.020740947922390417,
  "Inno Setup": 0.02043797585021181,
  "Bicep": 0.01868514343573338,
  "PLSQL": 0.018582031088274276,
  "Assembly": 0.016980061990897813,
  "Less": 0.016722277448783497,
  "KakouneScript": 0.01606656716363888,
  "Objective-C++": 0.01602739949264612,
  "Mermaid": 0.01578938423494433,
  "Cython": 0.015374008823503984,
  "Roff": 0.0148221092430777,
  "CoffeeScript": 0.014194074791349718,
  "PostScript": 0.014165833318052518,
  "Jsonnet": 0.013829715694820839,
  "Yacc": 0.01318161756192079,
  "Sass": 0.013078604356531255,
  "Meson": 0.011173219940742203,
  "Groovy": 0.010530704223768684,
  "Mako": 0.010470369292580073,
  "1C Enterprise": 0.010101502078160603,
  "TSQL": 0.009664909710662643,
  "Volt": 0.009344628496130925,
  "Haml": 0.009252739444400122,
  "IDL": 0.00888434798093814,
  "reStructuredText": 0.007345988492782918,
  "Slim": 0.006788267478446811,
  "NSIS": 0.0066842460433872404,
  "GDScript": 0.005954160268251367,
  "Visual Basic .NET": 0.005848587865387179,
  "Just": 0.00509549110370333,
  "GLSL": 0.005002766528609591,
  "OCaml": 0.004859780578800147,
  "Elixir": 0.004662201658471951,
  "GSC": 0.004508372005171443,
  "q": 0.004468029277062604,
  "ASL": 0.004018462213062824,
  "Hack": 0.0037194235241339215,
  "QML": 0.003491869094378004,
  "R": 0.0033971014409989453,
  "SWIG": 0.003269193505163686,
  "ActionScript": 0.0029040984573821243,
  "OpenSCAD": 0.002894186696015918,
  "VCL": 0.0028416874745986046,
  "ANTLR": 0.002646323606229808,
  "SystemVerilog": 0.00253663251032813,
  "Cap'n Proto": 0.0022857754840754346,
  "sed": 0.0022723688757200493,
  "CUE": 0.002057364020363944,
  "Ragel": 0.001876993706248688,
  "RobotFramework": 0.0017570897960097406,
  "XSLT": 0.0017122627197608674,
  "AppleScript": 0.001580997682478867,
  "Vala": 0.0015439345323705023,
  "FreeMarker": 0.001518443211851797,
  "HiveQL": 0.0014370142460713622,
  "HLSL": 0.001377719417890129,
  "DIGITAL Command Language": 0.0013424480219920395,
  "EJS": 0.0013230874338034343,
  "Metal": 0.00119313269110489,
  "Typst": 0.0011163986591604463,
  "NASL": 0.0010987984585982638,
  "POV-Ray SDL": 0.001035041777090356,
  "WGSL": 0.0009498732512224368,
  "Pug": 0.0008688931927660543,
  "SMT": 0.00084038602417052,
  "Smithy": 0.0008160766476057868,
  "VBScript": 0.000719720065935632,
  "LLVM": 0.0007165503708362912,
  "Thrift": 0.0006800650430215436,
  "Lex": 0.0006582244494257936,
  "E": 0.0006572004093336261,
  "COBOL": 0.0006453462516211916,
  "GAP": 0.000582110224424969,
  "Mathematica": 0.0005675134682120819,
  "LilyPond": 0.0005673936180794095,
  "Fortran": 0.0005347837934192648,
  "SmPL": 0.000511308012038608,
  "Open Policy Agent": 0.0005020193975982185,
  "Verilog": 0.0004662296922850782,
  "Game Maker Language": 0.00045469689023824037,
  "Sage": 0.0004445600978089483,
  "jq": 0.0004287331234151611,
  "Puppet": 0.0004066600509946257,
  "D": 0.0003653188473033621,
  "Gleam": 0.00033536032824133015,
  "Euphoria": 0.0003231978809587842,
  "Dafny": 0.0003098303109512152,
  "Smali": 0.0003038324410952889,
  "EmberScript": 0.0003001142750514038,
  "MATLAB": 0.0002914525573739722,
  "ASP.NET": 0.00028109780004546635,
  "Common Lisp": 0.000276733464339026,
  "Boogie": 0.0002708084847332741,
  "Visual Basic 6.0": 0.0002633861590820688,
  "AIDL": 0.00025492998180297126,
  "Turing": 0.0002519194386133641,
  "Ant Build System": 0.0002485040054386455,
  "QMake": 0.00023752020404343155,
  "Scilab": 0.00023362932098443948,
  "Smalltalk": 0.0002243116778695955,
  "Vyper": 0.00019283665931452165,
  "GDB": 0.0001584333077123205,
  "XS": 0.00014504151324999927,
  "Awk": 0.00011741663565719523,
  "V": 0.00011696894308518934,
  "Pawn": 0.00011283470843977854,
  "Xtend": 0.00010951797936618903,
  "Julia": 0.00010772113604454514,
  "MoonScript": 0.00010268660427020297,
  "Standard ML": 0.00009660166423071655,
  "PureBasic": 0.00007998940974047317,
  "D2": 0.00007107111894842614,
  "kvlang": 0.00006441999586653779,
  "M": 0.00006317379500425945,
  "Nunjucks": 0.00006308554083233914,
  "Logos": 0.00006225881264615994,
  "Dhall": 0.00005649075621819839,
  "Procfile": 0.00005218701307351213,
  "ZenScript": 0.00004982618494662118,
  "OpenEdge ABL": 0.00004360990593036317,
  "SourcePawn": 0.000039447939226434416,
  "Marko": 0.00003895055843243745,
  "Io": 0.000037995083011420496,
  "Motoko": 0.000034465098501579394,
  "Harbour": 0.000032222983962864194,
  "Raku": 0.000027874594701107384,
  "Ada": 0.00002475307773508738,
  "Eiffel": 0.00002417782516535238,
  "VHDL": 0.000022291677613786,
  "SuperCollider": 0.000021539567273506308,
  "DTrace": 0.000020302981631295333,
  "CWeb": 0.000020233541459627176,
  "Hy": 0.000019008653518295074,
  "Reason": 0.00001716800236731942,
  "Qt Script": 0.000014434306524279933,
  "Xonsh": 0.000013780536947091048,
  "RPC": 0.000011309817861681934,
  "Imba": 0.000009075241191989658,
  "Elvish": 0.000008969944570729801,
  "Racket": 0.000008776861388922825,
  "CodeQL": 0.000008507490522558758,
  "ASP": 0.000008238912474931385,
  "ShaderLab": 0.000007526145343623518,
  "Bikeshed": 0.000005895866800480212,
  "AMPL": 0.00000574805189004068,
  "RenderScript": 0.000005340474249409869,
  "Nearley": 0.000005236450324950383,
  "Riot": 0.0000051515442261739914,
  "G-code": 0.000004993193139439732,
  "Max": 0.000004328723655225427,
  "Clarion": 0.000004085003224418007,
  "BitBake": 0.000003904333871570997,
  "Module Management System": 0.000003842606628160197,
  "AspectJ": 0.0000037635193415941807,
  "Slash": 0.000003504008699092496,
  "StringTemplate": 0.0000034521529703160094,