{
  "TypeScript": 15.103901691824811,
  "Python": 13.59582363856045,
  "Go": 12.541267536080102,
  "JavaScript": 8.061581923363645,
  "C++": 4.707163480974072,
  "C#": 4.686960153294587,
  "Rust": 4.353484062946855,
  "C": 3.6255310202946234,
  "Shell": 3.3907525863956742,
  "Kotlin": 3.2257022929037453,
  "Java": 2.7174792315726783,
  "PHP": 2.468037364825522,
  "HTML": 2.412950733706893,
  "Ruby": 2.0295065800552603,
  "Dart": 1.6677233777941014,
  "Vue": 1.2463049640518011,
  "CSS": 1.216077146304615,
  "Jupyter Notebook": 1.1701663341846187,
  "SCSS": 0.9406052919618065,
  "Dockerfile": 0.8528899463299014,
  "MDX": 0.7399604615841876,
  "Swift": 0.6420177089024138,
  "Lua": 0.6410214694658922,
  "CMake": 0.5856747514512688,
  "HCL": 0.5662014822453305,
  "Makefile": 0.5660658421033892,
  "Smarty": 0.3583805135090295,
  "Svelte": 0.31798933473470165,
  "PowerShell": 0.30667445920767394,
  "Clojure": 0.2933211469913112,
  "Nix": 0.2928466146593791,
  "D": 0.26311024230653807,
  "Cairo": 0.23929352104341634,
  "WebAssembly": 0.23854987948324388,
  "Markdown": 0.2100021219539138,
  "Jinja": 0.20945378298165618,
  "Mustache": 0.2043281218853882,
  "Objective-C": 0.19911142168795815,
  "Blade": 0.17980105649030834,
  "Nim": 0.1752742489465512,
  "Solidity": 0.16955958716463299,
  "PLpgSQL": 0.14461027885086256,
  "V": 0.1418432281849705,
  "Zig": 0.13427395838442793,
  "Adblock Filter List": 0.1157431961988292,
  "Sway": 0.10912673224411004,
  "Tcl": 0.10746838065233402,
  "Cuda": 0.10135510614431636,
  "VCL": 0.10081165311935758,
  "Batchfile": 0.09487081801129546,
  "XML": 0.09014599176470292,
  "Roff": 0.082232300219386,
  "Fluent": 0.07798411785116713,
  "Haxe": 0.07010632612586001,
  "DM": 0.06657101620935171,
  "Perl": 0.06314897225887038,
  "EJS": 0.06073666621259728,
  "Vim Script": 0.060516324094207374,
  "MLIR": 0.058018551867767054,
  "Gherkin": 0.051206093454424215,
  "Crystal": 0.04824553906875372,
  "Meson": 0.042856044916883544,
  "OCaml": 0.041199394079204435,
  "Scala": 0.04064240625903997,
  "Assembly": 0.04063360825302438,
  "LLVM": 0.03835096623716611,
  "Objective-C++": 0.03833966773585769,
  "TeX": 0.036506260389455536,
  "Twig": 0.03408332225284825,
  "1C Enterprise": 0.03400977148789276,
  "Astro": 0.031176093888440316,
  "Move": 0.026982185172189522,
  "Typst": 0.02460565174437295,
  "Jsonnet": 0.02183371798742191,
  "Inno Setup": 0.021186565702481553,
  "Just": 0.021009941428197655,
  "Luau": 0.020201651669479966,
  "Scheme": 0.01940697429543302,
  "M4": 0.016582702484130265,
  "Groovy": 0.01330692006770778,
  "Handlebars": 0.012990124489572805,
  "Less": 0.011872698690477978,
  "GSC": 0.011623205219661304,
  "QML": 0.010645863656849172,
  "API Blueprint": 0.009153838947792516,
  "PLSQL": 0.00855698999650189,
  "AppleScript": 0.008311241090180005,
  "YAML": 0.008171036655137643,
  "GLSL": 0.008149264559243266,
  "Metal": 0.007605645957499764,
  "Elixir": 0.007550364533820902,
  "Visual Basic .NET": 0.00749789137299251,
  "Starlark": 0.007441941020208506,
  "Stylus": 0.007170240247948456,
  "CoffeeScript": 0.006680744761654588,
  "ActionScript": 0.0059754898191008935,
  "TSQL": 0.005958071419175832,
  "R": 0.005432300220570338,
  "JSON": 0.004854494840692717,
  "NSIS": 0.00476911451834381,
  "Cython": 0.004553052347317485,
  "q": 0.003980992859054297,
  "Volt": 0.0039536526998421055,
  "Haml": 0.003872120818162222,
  "SystemVerilog": 0.0038321894024785762,
  "WGSL": 0.0036358277679062077,
  "jq": 0.0031539299404456053,
  "Sass": 0.003116073840567142,
  "Yul": 0.002844188948132535,
  "templ": 0.002821691626097236,
  "NASL": 0.0026014556847888583,
  "Mermaid": 0.002581440101621318,
  "XSLT": 0.0025549636244653405,
  "Pug": 0.0024416836882668485,
  "Mako": 0.002199254541910179,
  "Cap'n Proto": 0.001991952226889031,
  "F#": 0.0018697616666959297,
  "Rich Text Format": 0.0017569515112900215,
  "sed": 0.0017288160290870327,
  "ANTLR": 0.0015266697948582567,
  "Kit": 0.001453543525776315,
  "Sage": 0.0013478376575065925,
  "Io": 0.0012158769208322285,
  "Fortran": 0.001214651117476394,
  "CartoCSS": 0.00111801295243133,
  "Hack": 0.0011088004486360101,
  "Earthly": 0.0010780015466456626,
  "SQL": 0.0010667083500725965,
  "FreeMarker": 0.0010437456512504043,
  "HLSL": 0.0009627353921315145,
  "Nunjucks": 0.0009394736307294711,
  "Bicep": 0.0009066731395822923,
  "Emacs Lisp": 0.0007774115085464671,
  "ShaderLab": 0.0006920110048652216,
  "Liquid": 0.0006906873855526696,
  "Lex": 0.0006770299997300476,
  "Yacc": 0.0006178584328789596,
  "Open Policy Agent": 0.0005976625044989233,
  "SWIG": 0.0005589579079053387,
  "Pascal": 0.0005062222582018475,
  "SmPL": 0.0004438646509820982,
  "GDScript": 0.0004381636278959227,
  "Haskell": 0.0004304039368640607,
  "Brainfuck": 0.000425355671236856,
  "BitBake": 0.0003777027310177424,
  "Circom": 0.0003586901645224557,
  "OpenEdge ABL": 0.0003146167679662606,
  "Qt Script": 0.000287670183451157,
  "Awk": 0.0002662489961072813,
  "Nushell": 0.00025825431847073814,
  "POV-Ray SDL": 0.00024835979315263756,
  "Thrift": 0.0002463269081608968,
  "SAS": 0.00023954392581204437,
  "Ada": 0.00022715094098625635,
  "Kaitai Struct": 0.00022503644640672432,
  "Julia": 0.00021590989325374609,
  "FIRRTL": 0.0001987619219232542,
  "CUE": 0.00018900797412737505,
  "MATLAB": 0.0001813762182641964,
  "Scilab": 0.00017827864867414427,
  "QMake": 0.00017503349726050665,
  "Procfile": 0.0001629197050987659,
  "Brightscript": 0.00016240431674130509,
  "PureBasic": 0.00015113549643431054,
  "GDB": 0.0001390660486184533,
  "PostScript": 0.00013392995191825852,
  "AIDL": 0.00013385216172499438,
  "UnrealScript": 0.0001286941045877322,
  "Standard ML": 0.0001273734986584732,
  "Common Lisp": 0.00012736406137592676,
  "Smithy": 0.00010139559359386863,
  "E": 0.00010010574315998108,
  "Visual Basic": 0.0001000836873498485,
  "Ant Build System": 0.00009753970866678457,
  "Game Maker Language": 0.00009684814905757098,
  "MoonScript": 0.00008965864642722344,
  "Sieve": 0.00008342267550441614,
  "Smalltalk": 0.00007996196183622051,
  "Pike": 0.00007566346091471506,
  "Elm": 0.00007506276551238637,
  "Apex": 0.00007274601349039913,
  "LOLCODE": 0.00007205098788380298,
  "RPGLE": 0.00007057804957060291,
  "Prolog": 0.00006961489982093815,
  "Xonsh": 0.00006066561946485309,
  "EmberScript": 0.000060021156913163574,
  "RenderScript": 0.00005658533707940824,
  "DIGITAL Command Language": 0.000055001071885955905,
  "D2": 0.000053645441672752996,
  "Nemerle": 0.00005120021968591786,
  "PEG.js": 0.00005028532653434399,
  "Euphoria": 0.000048707263321709455,
  "DTrace": 0.000047356088545736815,
  "Elvish": 0.00003948062306455748,
  "Forth": 0.00003888693608550886,
  "xBase": 0.00003834493881253317,
  "Clean": 0.00003830276701810652,
  "Ragel": 0.000037626720553857116,
  "Erlang": 0.000034818072153667634,
  "Processing": 0.00003410161494021918,
  "COBOL": 0.00003225092493743686,
  "Perl 6": 0.00003011777628583404,
  "ABAP": 0.000028959400274840422,
  "M": 0.00002498905811279214,
  "ASP.NET": 0.000023878320813808974,
  "GAP": 0.00001910457139262089,
  "Verilog": 0.000018603351028893806,
  "Vala": 0.00001720829266356918,
  "Visual Basic 6.0": 0.00001537567922302578,
  "HiveQL": 0.000014951107790598304,
  "SourcePawn": 0.0000139239887783721,
  "Gnuplot": 0.000013349394997007083,
  "Boogie": 0.000012442076590361271,
  "Pawn": 0.000012030825554602527,
  "Alloy": 0.000010700970361767481,
  "VHDL": 0.000010191994838120648,
  "YARA": 0.000008907133658013512,
  "JetBrains MPS": 0.000008372691944851426,
  "Module Management System": 0.000007092066028690098,
  "mupad": 0.000006945838341869095,
  "Raku": 0.000006637418220057986,
  "Nu": 0.00000605737381505602,
  "Augeas": 0.0000058265699977831384,
  "Max": 0.000005563673266810387,
  "Velocity Template Language": 0.000005020083449487012,
  "Eiffel": 0.000004260118256176813,
  "AspectJ": 0.0000038064746597054603,
  "Cadence": 0.00000357038833488537,
  "SugarSS": 0.0000034366928803002186,