{
  "TypeScript": 17.08328811485898,
  "Python": 13.761046624614732,
  "Go": 12.338640892831535,
  "JavaScript": 7.682845952164039,
  "C#": 4.497963092696935,
  "C++": 4.489238516433298,
  "Rust": 3.5363982245250614,
  "C": 3.4810580748714766,
  "Shell": 3.249612972164511,
  "Kotlin": 3.102929190290047,
  "Java": 2.601755856852274,
  "HTML": 2.452324736482954,
  "PHP": 2.3602087566716086,
  "Ruby": 1.9420334650254667,
  "MDX": 1.7345743643298157,
  "Dart": 1.5890434203862578,
  "Vue": 1.189405074491958,
  "CSS": 1.166357480375839,
  "Jupyter Notebook": 1.118964616286534,
  "SCSS": 0.8964416261964268,
  "Dockerfile": 0.8276833924383326,
  "Lua": 0.6450558034935769,
  "Swift": 0.6152292701086589,
  "CMake": 0.5589434669091184,
  "Makefile": 0.5419126676312108,
  "HCL": 0.5407521517065194,
  "Smarty": 0.34222357435520145,
  "PowerShell": 0.29303826827589297,
  "Svelte": 0.2927330384311877,
  "Nix": 0.2808278550522446,
  "Clojure": 0.2807352425133476,
  "D": 0.25152870329876026,
  "WebAssembly": 0.2281742436903609,
  "Cairo": 0.22596625781421786,
  "Jinja": 0.2031807695477666,
  "Markdown": 0.2002428565851133,
  "Mustache": 0.1954689090004718,
  "Objective-C": 0.19105677308998778,
  "Blade": 0.17239606975620855,
  "Nim": 0.1675808506780418,
  "Solidity": 0.1615913372742097,
  "PLpgSQL": 0.13919338596746242,
  "V": 0.1355921990292869,
  "Zig": 0.1283928972872049,
  "Adblock Filter List": 0.1106484768839859,
  "Sway": 0.1038559963527512,
  "Tcl": 0.10275560744909763,
  "Cuda": 0.10009467069460466,
  "VCL": 0.09661393225234877,
  "Batchfile": 0.09083273361129383,
  "XML": 0.08617903178283286,
  "Roff": 0.07861147448608377,
  "Fluent": 0.07641758129621888,
  "Haxe": 0.06704076324906931,
  "DM": 0.06366085911636984,
  "Perl": 0.06028371076134797,
  "EJS": 0.05805876890504767,
  "Vim Script": 0.05785179437322386,
  "MLIR": 0.05523605127928535,
  "Gherkin": 0.048902594951784874,
  "Crystal": 0.046240507649723754,
  "Meson": 0.0410668382173371,
  "OCaml": 0.039337506487933126,
  "Scala": 0.03883990807467038,
  "Assembly": 0.03796870043679174,
  "LLVM": 0.03762673901174794,
  "AutoHotkey": 0.03739586837272518,
  "Objective-C++": 0.035108054995627996,
  "TeX": 0.034898366727769047,
  "Twig": 0.03258244324604247,
  "1C Enterprise": 0.0325126666990739,
  "Astro": 0.027244643804853027,
  "Move": 0.025732651911454026,
  "Typst": 0.023532030751332943,
  "Jsonnet": 0.02086725028357885,
  "Inno Setup": 0.020176785450797537,
  "Luau": 0.019228436090603297,
  "Just": 0.019168890333309815,
  "Scheme": 0.01856793636293851,
  "M4": 0.0157858207104137,
  "Groovy": 0.01255196580075717,
  "Handlebars": 0.012371059070413859,
  "Less": 0.011364794132618263,
  "GSC": 0.010873937562990982,
  "QML": 0.01013726767396903,
  "API Blueprint": 0.008741265070668443,
  "PLSQL": 0.008286620638783613,
  "AppleScript": 0.008011647747851349,
  "YAML": 0.007794141000010239,
  "GLSL": 0.007728034922119911,
  "Metal": 0.0072503569801387014,
  "Elixir": 0.007179161618495789,
  "Visual Basic .NET": 0.007166952618327975,
  "Stylus": 0.006852568391045923,
  "CoffeeScript": 0.006313880677165957,
  "Starlark": 0.006300707382676147,
  "TSQL": 0.00574095063962037,
  "ActionScript": 0.005712452181101679,
  "R": 0.0052019816305790305,
  "JSON": 0.0047360114652966545,
  "NSIS": 0.004521481591219442,
  "Cython": 0.004412701979081329,
  "q": 0.003791762553885433,
  "Volt": 0.003780544834493397,
  "Haml": 0.0037090176882950154,
  "SystemVerilog": 0.003678585991538164,
  "WGSL": 0.0034975569869253736,
  "jq": 0.003015064685469475,
  "Sass": 0.0029496968902193187,
  "Yul": 0.0027191456664901175,
  "templ": 0.002697463365516806,
  "NASL": 0.002487122674521393,
  "Mermaid": 0.0024663094689048423,
  "XSLT": 0.0024398484196324404,
  "Pug": 0.0022893232115271103,
  "Cap'n Proto": 0.0022818262990942223,
  "F#": 0.0017875838310990972,
  "Rich Text Format": 0.0016953023599460763,
  "sed": 0.0016398236606173346,
  "Mako": 0.0015891100171544314,
  "ANTLR": 0.0014575282392244125,
  "Kit": 0.0013895592176054025,
  "Sage": 0.0012868994224982154,
  "Fortran": 0.0011788236270042465,
  "Io": 0.0011623545857794276,
  "CartoCSS": 0.0010672529516625472,
  "Hack": 0.0010594147615897395,
  "Earthly": 0.0010359907333483429,
  "SQL": 0.00102171169231022,
  "FreeMarker": 0.0009938428354259806,
  "HLSL": 0.0009344051120008189,
  "Bicep": 0.0008651193726296783,
  "Emacs Lisp": 0.000742002264936347,
  "ShaderLab": 0.0006608064863880041,
  "Liquid": 0.0006599857011020158,
  "Lex": 0.0006474027029328035,
  "Yacc": 0.0005910746899888188,
  "Open Policy Agent": 0.0005638409855810716,
  "SWIG": 0.0005343171644820931,
  "Pascal": 0.00048364625682586457,
  "SmPL": 0.0004400693708231631,
  "Brainfuck": 0.0004116518606934352,
  "GDScript": 0.00040989692310300585,
  "Haskell": 0.00040966382863765106,
  "Nushell": 0.00036446341406594465,
  "BitBake": 0.00035996765418035105,
  "Circom": 0.0003398063674206544,
  "Thrift": 0.00031273713586646424,
  "OpenEdge ABL": 0.00030620725533813233,
  "Qt Script": 0.0002746858083461232,
  "Kaitai Struct": 0.00026410397500882277,
  "Awk": 0.000254042145275518,
  "POV-Ray SDL": 0.0002358309875761426,
  "SAS": 0.0002278823683008047,
  "Ada": 0.00021714575939179868,
  "Julia": 0.00020658745774276835,
  "FIRRTL": 0.00019545071188257617,
  "CUE": 0.00018048883668867285,
  "MATLAB": 0.0001733404656511959,
  "Scilab": 0.00017006716604128436,
  "QMake": 0.00016500005247851,
  "Brightscript": 0.00015525535445267164,
  "Procfile": 0.00015451850319990725,
  "PureBasic": 0.00014173412338498053,
  "GDB": 0.0001334210660027554,
  "PostScript": 0.0001277424840725115,
  "AIDL": 0.00012757031099787296,
  "UnrealScript": 0.00012312966222815397,
  "Common Lisp": 0.00012132856164572562,
  "Standard ML": 0.00012106706647645842,
  "Smithy": 0.00009686797707077214,
  "Visual Basic": 0.00009567805010492746,
  "E": 0.00009496402817941116,
  "Game Maker Language": 0.00009257747658485938,
  "Ant Build System": 0.00009216730973007092,
  "MoonScript": 0.00008570542937550219,
  "Sieve": 0.0000777985125503053,
  "Smalltalk": 0.00007249089706887114,
  "Pike": 0.00007232935828504072,
  "Elm": 0.00007175853757869559,
  "Apex": 0.00006954376790034079,
  "LOLCODE": 0.00006887933699683436,
  "RPGLE": 0.00006747201215325654,
  "Prolog": 0.00006638110864235652,
  "Xonsh": 0.00005733260958162312,
  "EmberScript": 0.00005729045743155383,
  "RenderScript": 0.000053767055447367606,
  "DIGITAL Command Language": 0.000052578088112801835,
  "D2": 0.00005006103087507447,
  "Nemerle": 0.00004894640989164113,
  "PEG.js": 0.00004772985723571699,
  "Euphoria": 0.00004637589523465734,
  "DTrace": 0.000045257921887032665,
  "Forth": 0.00003772013913882701,
  "xBase": 0.00003665700335474692,
  "Clean": 0.00003661711789249378,
  "Ragel": 0.000035979547934615014,
  "Elvish": 0.00003582818910955922,
  "Erlang": 0.00003323871357442335,
  "Processing": 0.00003260047775322272,
  "COBOL": 0.000030821643427634464,
  "Perl 6": 0.000028792005818612432,
  "ABAP": 0.00002768462097943503,
  "M": 0.00002378318076724727,
  "ASP.NET": 0.000022822922530171804,
  "GAP": 0.000018226564695509572,
  "Verilog": 0.000017567558793093065,
  "Vala": 0.000016427092714608032,
  "Visual Basic 6.0": 0.00001437262321699878,
  "HiveQL": 0.0000142424229435137,
  "SourcePawn": 0.000013311986626928145,
  "Gnuplot": 0.000012736005489106202,
  "Boogie": 0.000011833431695788966,
  "Pawn": 0.000011569273681825863,
  "Alloy": 0.000010194626704836885,
  "VHDL": 0.000009699636218914786,
  "YARA": 0.000008489293700275657,
  "JetBrains MPS": 0.000007899586045342583,
  "Module Management System": 0.000006769727384427504,
  "mupad": 0.000006652950425406782,
  "Raku": 0.000006322997306780799,
  "Nu": 0.0000057610602571061,
  "Augeas": 0.000005550000918644528,
  "Max": 0.000005321958455201818,
  "Velocity Template Language": 0.000004782545420132995,
  "VBScript": 0.000004039975425070557,
  "Eiffel": 0.000004027137904960017,
  "AspectJ": 0.000003635376609659995,
  "Cadence": 0.0000033607620784282937,