{
  "Go": 15.814704845799959,
  "TypeScript": 13.38641073518835,
  "Python": 12.162393996656174,
  "JavaScript": 8.296988178746386,
  "Rust": 4.658173279937574,
  "C#": 4.516518506919324,
  "PHP": 4.144804936817503,
  "Shell": 4.079509374394288,
  "Java": 3.7759171215970535,
  "C++": 3.259764723778897,
  "HTML": 3.137847471445331,
  "C": 2.5125157265346387,
  "CSS": 1.9369410158779128,
  "SCSS": 1.729383433765892,
  "Kotlin": 1.5355841085829351,
  "Dart": 1.2698153091041615,
  "Ruby": 1.1485924502189766,
  "Jupyter Notebook": 1.0709011500201826,
  "HCL": 0.8715406073342655,
  "Vue": 0.8157056679355272,
  "Dockerfile": 0.7884198101594235,
  "Lua": 0.729235005606057,
  "MDX": 0.6152100743348002,
  "Smarty": 0.5970327713935807,
  "Makefile": 0.589766023620547,
  "XML": 0.508115068560377,
  "Swift": 0.43785725253479973,
  "Objective-C": 0.3396264873203142,
  "Nim": 0.2751385388062876,
  "WebAssembly": 0.27088789206784014,
  "Mustache": 0.2697379184813203,
  "Move": 0.2665675124468836,
  "Jinja": 0.25364126784739677,
  "PLpgSQL": 0.21692825667753426,
  "PowerShell": 0.21399804805923386,
  "Nix": 0.21039277718051277,
  "Clojure": 0.19722178948302582,
  "Markdown": 0.1866812989463967,
  "DM": 0.18594266585614402,
  "Svelte": 0.1668679630117648,
  "Zig": 0.15671905007327838,
  "CMake": 0.1523010810983086,
  "Perl": 0.15148468575568597,
  "Vim Script": 0.13130721853132957,
  "Tcl": 0.11544524126801227,
  "Blade": 0.11517361247518652,
  "Adblock Filter List": 0.11281503456776892,
  "Twig": 0.09699081053450131,
  "Rich Text Format": 0.09676541325905708,
  "Solidity": 0.07009048333190389,
  "PLSQL": 0.06988323643893542,
  "Nushell": 0.06578634211788684,
  "Batchfile": 0.06268955002767526,
  "Cairo": 0.05679032929293191,
  "MLIR": 0.05009588385261373,
  "Cuda": 0.046699340708933654,
  "Emacs Lisp": 0.04628742254313729,
  "TeX": 0.045782382723346844,
  "Scala": 0.04202575530022052,
  "Haskell": 0.03941726819129273,
  "Red": 0.03806115215802478,
  "Gherkin": 0.03798392982054556,
  "TSQL": 0.03797914066271353,
  "Erlang": 0.035919691506904584,
  "Prolog": 0.034628029509304006,
  "Fluent": 0.031032766851654757,
  "Pascal": 0.030473272418076045,
  "Liquid": 0.028595866681586462,
  "Starlark": 0.028164912113681273,
  "Haxe": 0.026621213157673962,
  "Stylus": 0.023395520854205574,
  "Less": 0.02303089142351585,
  "Astro": 0.02290305032622516,
  "Jsonnet": 0.020309053143053608,
  "1C Enterprise": 0.02029166973352988,
  "M4": 0.01970739241786841,
  "Crystal": 0.018630118252142173,
  "Handlebars": 0.018033539327219586,
  "Objective-C++": 0.016994187219223588,
  "Meson": 0.01605606312439692,
  "Volt": 0.015221113990781401,
  "KakouneScript": 0.014488764190629715,
  "Groovy": 0.014009432973596364,
  "Haml": 0.013693500425716564,
  "Antlers": 0.01240336887925357,
  "Sass": 0.012113777644221582,
  "Assembly": 0.011553390980846645,
  "Roff": 0.011409790782269197,
  "Mako": 0.010687188741781805,
  "Mermaid": 0.010063921818636178,
  "ANTLR": 0.009338411345009581,
  "Verilog": 0.009222453764931816,
  "IDL": 0.009147454820767734,
  "Yul": 0.007862929609081309,
  "Visual Basic .NET": 0.007597954891629893,
  "Inno Setup": 0.007585813407225378,
  "Yacc": 0.007576960408424253,
  "Hack": 0.006993362200201759,
  "GSC": 0.006408392668493989,
  "Rebol": 0.006156443939785505,
  "CoffeeScript": 0.005651533249160347,
  "OCaml": 0.0054232775737689,
  "Just": 0.005410310540861288,
  "Elixir": 0.004083444049312721,
  "q": 0.004062194188938667,
  "GLSL": 0.00399315943025411,
  "QML": 0.003712044143740871,
  "SWIG": 0.0033783090721498554,
  "PostScript": 0.0032268118586919977,
  "Typst": 0.0031293398551903904,
  "VCL": 0.003053700242534526,
  "RobotFramework": 0.0028401780018948567,
  "NSIS": 0.002788124039013702,
  "SystemVerilog": 0.0027276147769679173,
  "CUE": 0.0021780760878237237,
  "R": 0.0021099837894693525,
  "Scheme": 0.0020918749302045138,
  "FreeMarker": 0.0020772301096456227,
  "Cython": 0.0020664375923138295,
  "AppleScript": 0.0018593190721340038,
  "CodeQL": 0.0017027180816481364,
  "XSLT": 0.001557981261719514,
  "DIGITAL Command Language": 0.0015043434706525662,
  "Bikeshed": 0.0014397107777041186,
  "HiveQL": 0.0013760697418473383,
  "MATLAB": 0.001333231354479497,
  "Thrift": 0.0012702405900067901,
  "Vala": 0.0012678648763871545,
  "WGSL": 0.001209700595206876,
  "Metal": 0.0012055616888201723,
  "sed": 0.001063022565701443,
  "NASL": 0.0010534572432228883,
  "POV-Ray SDL": 0.0009724459195755774,
  "EJS": 0.0009059351347977854,
  "SMT": 0.0008662395354607248,
  "Smithy": 0.0008600346767701635,
  "Fortran": 0.0008259374215803649,
  "Processing": 0.0007448240634337516,
  "Bicep": 0.0007155533175930372,
  "GDScript": 0.0006996116034839958,
  "COBOL": 0.0006636035193166651,
  "GAP": 0.0005974250019330355,
  "VBScript": 0.0005969619517341134,
  "Sage": 0.0005347264048982027,
  "Cap'n Proto": 0.0005260902542699351,
  "Mathematica": 0.0004930870063970456,
  "Open Policy Agent": 0.00048309446031487963,
  "Pug": 0.000468957977052692,
  "Puppet": 0.00043317492351424813,
  "ActionScript": 0.0004087304113719211,
  "SmPL": 0.0003826011613044215,
  "Ant Build System": 0.0003541438922702321,
  "ASP.NET": 0.00035162575106227926,
  "HLSL": 0.00032035537596401077,
  "Ragel": 0.000296951024617026,
  "Boogie": 0.0002810917130569737,
  "Turing": 0.0002667725319552186,
  "Visual Basic 6.0": 0.0002640234749563312,
  "jq": 0.0002627256200180653,
  "AIDL": 0.00025853166898112396,
  "Scilab": 0.0002465100078511567,
  "Common Lisp": 0.00023541063132585403,
  "EmberScript": 0.00019549155950137305,
  "Game Maker Language": 0.00018752659253377886,
  "D": 0.0001716658304387134,
  "Xtend": 0.00013973913312299513,
  "Slim": 0.00013241905810860587,
  "Lex": 0.00012344402979247885,
  "GDB": 0.00011731031270772118,
  "Awk": 0.0001076292354025116,
  "MoonScript": 0.00010690362851316664,
  "OpenEdge ABL": 0.00009783588143500623,
  "PureBasic": 0.00008164904547069348,
  "XS": 0.00007390431253468658,
  "D2": 0.00007317586513236603,
  "F#": 0.00006637084209958915,
  "RenderScript": 0.00006355620633761377,
  "Logos": 0.00006342961790783401,
  "SourcePawn": 0.00005250560104660215,
  "ZenScript": 0.00005094328008326475,
  "QMake": 0.00004702334406747728,
  "Marko": 0.00003981892912786873,
  "Xonsh": 0.000039666458496058844,
  "Io": 0.00003908954344380935,
  "Procfile": 0.00003859523068177011,
  "Pawn": 0.000038498597095334245,
  "Motoko": 0.000034452151710128274,
  "SQLPL": 0.00003314192843264741,
  "Harbour": 0.000031412788949912545,
  "Ada": 0.00002807779932034599,
  "VHDL": 0.00002343118873348548,
  "DTrace": 0.000023046774134215704,
  "Raku": 0.000021683612753399015,
  "Nasal": 0.000021022417770673303,
  "Earthly": 0.00001920809262112203,
  "UnrealScript": 0.000016188429459969148,
  "OpenSCAD": 0.000014468645568692371,
  "Qt Script": 0.000014408192111222612,
  "Imba": 0.000013613188724763574,
  "AspectJ": 0.000013082196426821463,
  "Elvish": 0.00001287493046148318,
  "RPC": 0.000012721875604451911,
  "Julia": 0.000012018351028051896,
  "Module Management System": 0.000011679780612722172,
  "ShaderLab": 0.000011475431076429182,
  "LLVM": 0.000009811180320585705,
  "Alloy": 0.000009608296960288093,
  "Racket": 0.00000900401249328893,
  "Grammatical Framework": 0.000008944558442219717,
  "ASL": 0.00000777401242627111,
  "Max": 0.000006677424570480875,
  "Coq": 0.0000061872450599931824,
  "G-code": 0.000005612436102624084,
  "Riot": 0.000005266393671785596,
  "Nearley": 0.0000051011654295503014,
  "AMPL": 0.000004931862747881652,
  "PEG.js": 0.000004890821654113797,
  "SAS": 0.000004667722321646288,
  "Velocity Template Language": 0.000004507483986726203,
  "BitBake": 0.000004480481172615724,
  "Smalltalk": 0.000004451499790084902,
  "XC": 0.000004267019967411824,
  "Clarion": 0.000003017666085795822,
  "Modula-3": 0.000002404837475807398,
  "Cypher": 0.000002323785225291364,
  "IGOR Pro": 0.000002318200114064782,
  "M": 0.000002269199818165267,
  "SugarSS": 0.000002167141692140834,