{
  "TypeScript": 15.653742165431844,
  "Python": 13.712305045950245,
  "Go": 12.155681520130086,
  "JavaScript": 7.932404124414116,
  "Kotlin": 4.466252924060649,
  "C#": 4.373997987700638,
  "Rust": 4.367460455210566,
  "C++": 4.215053921900886,
  "Shell": 3.1773567307853994,
  "Java": 2.955268318878675,
  "C": 2.9403466193739667,
  "PHP": 2.5838041179168534,
  "HTML": 2.28731695119077,
  "MDX": 2.1156784332164364,
  "Ruby": 1.7623172099032338,
  "Dart": 1.544024839328147,
  "Vue": 1.0532397101002067,
  "CSS": 1.0067035637699455,
  "Jupyter Notebook": 1.0002074875720957,
  "SCSS": 0.9281875858416536,
  "Dockerfile": 0.7869151203416284,
  "Swift": 0.6573644977957745,
  "Makefile": 0.5774722778178496,
  "Lua": 0.5708803300869171,
  "CMake": 0.4078682380129868,
  "HCL": 0.3861860263285125,
  "Svelte": 0.3837955212765443,
  "Nim": 0.3686690150499254,
  "Markdown": 0.36342554156466195,
  "Smarty": 0.3344303652202882,
  "Cairo": 0.28129737058485693,
  "D": 0.25612994311230497,
  "WebAssembly": 0.2489766102357075,
  "Clojure": 0.2370217387947695,
  "Mustache": 0.22651138948583566,
  "PowerShell": 0.21468089312360483,
  "Jinja": 0.20990207466320587,
  "Nix": 0.17831723841254002,
  "Blade": 0.17313844887801588,
  "Objective-C": 0.16955557307501826,
  "Batchfile": 0.15892019020725137,
  "Solidity": 0.15510983857740282,
  "PLpgSQL": 0.13074037213302686,
  "V": 0.12032417998611927,
  "Adblock Filter List": 0.11791190288318333,
  "Sway": 0.11217312246558733,
  "Cuda": 0.10424585059980523,
  "Lean": 0.0848642622633578,
  "XML": 0.0823399192379275,
  "Roff": 0.07678834059281704,
  "Tcl": 0.0713399601722606,
  "Fluent": 0.06427640020252061,
  "MLIR": 0.06016204067976855,
  "TeX": 0.060110972330272225,
  "LLVM": 0.05971205047726871,
  "EJS": 0.05894103176700276,
  "VCL": 0.05676479753894064,
  "Vim Script": 0.05656485779248114,
  "Gherkin": 0.05231223621922751,
  "Astro": 0.04826509696166905,
  "Haskell": 0.04748233164053448,
  "Haxe": 0.043351202573177886,
  "Perl": 0.04087893566902403,
  "Zig": 0.040571295993718136,
  "OCaml": 0.03992146182685034,
  "Assembly": 0.03814594940439246,
  "AutoHotkey": 0.03792924805290191,
  "Objective-C++": 0.03749864145193158,
  "F#": 0.036741484576059726,
  "Twig": 0.033351945688493395,
  "Jsonnet": 0.03290056401524416,
  "PLSQL": 0.03022323991131157,
  "R": 0.027490100355539154,
  "Move": 0.026655291631892335,
  "Inno Setup": 0.024358627135264543,
  "Smali": 0.02432335873064623,
  "Crystal": 0.02386254674012071,
  "Gleam": 0.022088064968444336,
  "Less": 0.021500046867383125,
  "Luau": 0.019502745183584545,
  "1C Enterprise": 0.019031989936954794,
  "Just": 0.01780050651985691,
  "DM": 0.017135266656705513,
  "TSQL": 0.01636273720605964,
  "Noir": 0.016283987298932604,
  "M4": 0.015558994179535717,
  "Groovy": 0.014962139402047462,
  "Stylus": 0.013150498823835075,
  "Metal": 0.010825792126564447,
  "Handlebars": 0.009930853775107268,
  "PureScript": 0.009793505934659136,
  "GSC": 0.009620389865627904,
  "API Blueprint": 0.008771728140546883,
  "Scheme": 0.008248086229171083,
  "YAML": 0.007872101060931594,
  "AppleScript": 0.00776152677072292,
  "GLSL": 0.007230048040888568,
  "Rich Text Format": 0.0067387945396312175,
  "Meson": 0.006481200624609211,
  "Starlark": 0.006077079596126087,
  "Visual Basic .NET": 0.0058953705884810526,
  "reStructuredText": 0.005678369801608304,
  "JSON": 0.005020621981673674,
  "Cython": 0.004740784140548312,
  "Julia": 0.0044999027488504,
  "QML": 0.004458879038933201,
  "Haml": 0.004001505064727491,
  "Kit": 0.003833125826597762,
  "Volt": 0.003814004299565031,
  "SystemVerilog": 0.003720050521890179,
  "CoffeeScript": 0.003571828928231436,
  "XSLT": 0.003223432653993901,
  "NSIS": 0.0031671278977048996,
  "Yul": 0.0031361652788672945,
  "q": 0.0029641162347248777,
  "Emacs Lisp": 0.0029620025577537395,
  "Elixir": 0.002887858064866091,
  "templ": 0.0027367081707321216,
  "Earthly": 0.0025372659826421767,
  "Thrift": 0.0023823467981083724,
  "CUE": 0.0022850566327292494,
  "Circom": 0.001945716464855095,
  "Fortran": 0.0018280284814562154,
  "NASL": 0.0017725852275925753,
  "Mako": 0.0017066264381933821,
  "Bikeshed": 0.001705398398615536,
  "Scala": 0.0016629798857864821,
  "Sass": 0.0016492136295092007,
  "sed": 0.0016432800637954479,
  "ShaderLab": 0.0015914241530171278,
  "XQuery": 0.0014058970610886306,
  "Pascal": 0.001154542256716319,
  "Io": 0.0011060024332053525,
  "Mermaid": 0.001097024465687387,
  "CartoCSS": 0.0010751218813945611,
  "Sage": 0.0010571129500327493,
  "SQL": 0.001049799705543556,
  "Lex": 0.0010286838657886715,
  "Dhall": 0.0010150223471450202,
  "Yacc": 0.0010072570791164557,
  "BitBake": 0.0009989236970328469,
  "Open Policy Agent": 0.0009871416037252497,
  "WGSL": 0.0009680896327088657,
  "HLSL": 0.000882141131147289,
  "SWIG": 0.0008726149351538988,
  "jq": 0.0008394120112463803,
  "Hack": 0.0008175666172372603,
  "Raku": 0.0007618999049019512,
  "Roc": 0.0007311528739513012,
  "DTrace": 0.0007147893558130966,
  "Cap'n Proto": 0.0007094845078933061,
  "Stan": 0.0006930554716066475,
  "Awk": 0.0006929881101268094,
  "ActionScript": 0.0006171697463320122,
  "Common Lisp": 0.0006025490240715893,
  "GDScript": 0.0006007022862201853,
  "Racket": 0.000545828639625331,
  "ANTLR": 0.0004717356267028974,
  "Ballerina": 0.00047130878961215147,
  "FreeMarker": 0.00045960079666992475,
  "Brainfuck": 0.00041732044832670833,
  "SmPL": 0.00035617605685218777,
  "OpenEdge ABL": 0.0003205819074606439,
  "FIRRTL": 0.0003102438387480047,
  "Nushell": 0.0002663589792658537,
  "MATLAB": 0.00025910746965319335,
  "Euphoria": 0.0002582834592079837,
  "Liquid": 0.0002497038610726472,
  "PostScript": 0.00022139978001566764,
  "Typst": 0.00021492209447148563,
  "Scilab": 0.00020404845397738316,
  "ABAP": 0.00019779747152661337,
  "Ada": 0.0001939326395700364,
  "UnrealScript": 0.0001868570767235187,
  "Pug": 0.00016823623354865792,
  "Qt Script": 0.000163385511883121,
  "Brightscript": 0.000157469771577,
  "MQL5": 0.0001529945910691389,
  "GDB": 0.000145917592226535,
  "POV-Ray SDL": 0.00014245011887702099,
  "Ragel": 0.00014057507709284135,
  "Procfile": 0.00013042938713233733,
  "Game Maker Language": 0.000125325931761964,
  "AMPL": 0.00011640869770319085,
  "Smalltalk": 0.00010223138677138666,
  "Visual Basic": 0.00009704271229852211,
  "Pyret": 0.00009012610132484021,
  "AIDL": 0.00008990514766033567,
  "Ant Build System": 0.00008951055118137604,
  "Smithy": 0.0000869719993676922,
  "MoonScript": 0.00008692785439969957,
  "Augeas": 0.00007931863314164579,
  "Sieve": 0.00007629673021828302,
  "Pike": 0.00007319262496910395,
  "Elm": 0.00007278203422389158,
  "Vala": 0.00007113546040563631,
  "Apex": 0.00007053567514290727,
  "LOLCODE": 0.00006986176741861199,
  "RPGLE": 0.00006840649417935738,
  "Csound": 0.00006183661488253449,
  "PEG.js": 0.00005975118306712487,
  "Xonsh": 0.00005758608834914112,
  "Prolog": 0.00005499389304018321,
  "J": 0.000052280941894063166,
  "Elvish": 0.000050340001408040374,
  "Nemerle": 0.000049644535689753204,
  "DIGITAL Command Language": 0.000044969525546830504,
  "Erlang": 0.000040724021220016404,
  "xBase": 0.00003721815700089788,
  "Clean": 0.000037124262076076565,
  "QMake": 0.000034218175065910834,
  "Processing": 0.00003306546046800586,
  "RenderScript": 0.00003264779939484413,
  "COBOL": 0.00003131799731122543,
  "Perl 6": 0.000029202668052796007,
  "SAS": 0.000028409257045425382,
  "Forth": 0.000026936702106885703,
  "M": 0.000024869828031896767,
  "ASP.NET": 0.00002348085847176177,
  "Visual Basic 6.0": 0.000019413598689251964,
  "RobotFramework": 0.00001926294055787832,
  "SourcePawn": 0.000017911241921508764,
  "VBScript": 0.00001473757841485444,
  "GAP": 0.000011303256054275034,
  "AspectJ": 0.000011026986800793484,
  "mupad": 0.000010071608643241208,
  "Boogie": 0.00001005044735314851,
  "Verilog": 0.000009549365346764341,
  "Pawn": 0.00000942970468614963,
  "Bicep": 0.000009222882124205801,
  "VHDL": 0.000008017172462300813,