{
  "TypeScript": 16.578441305145738,
  "Python": 13.932485389627667,
  "Go": 12.123498259499847,
  "JavaScript": 7.913849201000896,
  "C#": 4.460045714189486,
  "Kotlin": 4.443042436985569,
  "C++": 4.297267703491438,
  "Rust": 3.5954091488366333,
  "C": 3.173804585109088,
  "Shell": 2.9571618665936614,
  "Java": 2.862217865187008,
  "PHP": 2.567526678109201,
  "HTML": 2.263297841203836,
  "MDX": 2.048782408597976,
  "Ruby": 1.752880015861615,
  "Dart": 1.5047734057683726,
  "Vue": 1.082320742564291,
  "CSS": 0.9970408519132794,
  "Jupyter Notebook": 0.9365450360794969,
  "SCSS": 0.9275076872389428,
  "Dockerfile": 0.7781376050527062,
  "Swift": 0.6419834067038723,
  "Lua": 0.560340606691347,
  "Makefile": 0.5587694506440558,
  "CMake": 0.4077829088111955,
  "Svelte": 0.3818463798933796,
  "HCL": 0.3795464883247665,
  "Nim": 0.36675253747079256,
  "Markdown": 0.3617076111477848,
  "Smarty": 0.33242179046686693,
  "D": 0.25493595263463315,
  "WebAssembly": 0.24924131720102105,
  "Cairo": 0.23683837754540196,
  "Clojure": 0.23566020177960564,
  "Mustache": 0.2252952285303875,
  "PowerShell": 0.2164653351291995,
  "Jinja": 0.20693691568357656,
  "Nix": 0.1735200081798817,
  "Blade": 0.17216010498734946,
  "Objective-C": 0.1659048624358232,
  "Solidity": 0.16451538959042217,
  "Batchfile": 0.1582992416262087,
  "PLpgSQL": 0.12439998576834058,
  "V": 0.1197193762086012,
  "Adblock Filter List": 0.11731968374338161,
  "Sway": 0.11212487013293027,
  "Cuda": 0.09119451085592557,
  "Lean": 0.08443967682911976,
  "XML": 0.08192605237053338,
  "Roff": 0.07823931362445238,
  "Tcl": 0.0709407751274511,
  "Fluent": 0.060235808265947495,
  "MLIR": 0.06018792816971804,
  "LLVM": 0.05921571118717694,
  "EJS": 0.05865102859279362,
  "TeX": 0.058266829024540806,
  "VCL": 0.05648185165953888,
  "Vim Script": 0.056294066952374024,
  "Gherkin": 0.05149213479062825,
  "Haskell": 0.04723697944648833,
  "Haxe": 0.0431276148922016,
  "Perl": 0.040828598044982824,
  "OCaml": 0.039771187488406516,
  "Zig": 0.03886978638193228,
  "AutoHotkey": 0.0377387354109239,
  "Assembly": 0.0377278758543036,
  "Objective-C++": 0.037271887471721374,
  "Astro": 0.037103483099884586,
  "F#": 0.03657146590985005,
  "Twig": 0.03316431440413913,
  "Jsonnet": 0.03280026582106603,
  "PLSQL": 0.030629385247865595,
  "R": 0.027355898182886536,
  "Move": 0.02588075904863175,
  "Inno Setup": 0.024765238294629167,
  "Smali": 0.02420118632883401,
  "Crystal": 0.023738730021103927,
  "Gleam": 0.022090419236726607,
  "Less": 0.0213782820440272,
  "Luau": 0.01940478596473669,
  "1C Enterprise": 0.01893635590243731,
  "DM": 0.01705183322591048,
  "Groovy": 0.016838697296072014,
  "TSQL": 0.01658069613257273,
  "M4": 0.015578274865861302,
  "Just": 0.013813042022349321,
  "Stylus": 0.013088045836448308,
  "PureScript": 0.010198907203210681,
  "Handlebars": 0.010019516352180818,
  "GSC": 0.009250405887343863,
  "API Blueprint": 0.008726116159361603,
  "Scheme": 0.00821190830995575,
  "YAML": 0.007854167921945147,
  "AppleScript": 0.00779815585832673,
  "GLSL": 0.007751403181832741,
  "Metal": 0.007156630598224136,
  "Rich Text Format": 0.0067407030653982855,
  "Meson": 0.006467471659326279,
  "Starlark": 0.00611626952210462,
  "Visual Basic .NET": 0.005865841153765252,
  "reStructuredText": 0.005649576587210426,
  "JSON": 0.004848427345600261,
  "Cython": 0.004524487253870793,
  "Julia": 0.00447773341510137,
  "QML": 0.004451487679837014,
  "Haml": 0.003980697217374539,
  "Volt": 0.0038003829603149093,
  "SystemVerilog": 0.003714331897560041,
  "CoffeeScript": 0.003589592713843138,
  "Yul": 0.003258565279666674,
  "XSLT": 0.0032082031742314385,
  "NSIS": 0.0031542866586612615,
  "q": 0.0030096121122196906,
  "Emacs Lisp": 0.0029542981807574825,
  "Elixir": 0.002872322974548775,
  "templ": 0.0027229773716907573,
  "Earthly": 0.0024614128031383476,
  "Thrift": 0.0023717235088939886,
  "CUE": 0.0022743088360485902,
  "Circom": 0.001938133765085454,
  "Fortran": 0.0018202185734346992,
  "NASL": 0.0017722362140920416,
  "Mako": 0.0017009390268061227,
  "Bikeshed": 0.0016750018026744913,
  "Sass": 0.0016385485331673888,
  "Kit": 0.0016374155878878384,
  "sed": 0.0016349562373198878,
  "ShaderLab": 0.001594602763483684,
  "Scala": 0.0015287041391889968,
  "XQuery": 0.0013988354614733799,
  "Io": 0.0012016217697752452,
  "Pascal": 0.0011269540208454236,
  "Mermaid": 0.001091908441203912,
  "CartoCSS": 0.0010740724075855676,
  "Dhall": 0.0010570400893701773,
  "Sage": 0.0010556263583947115,
  "SQL": 0.0010347014995498482,
  "Lex": 0.0010244289547561725,
  "Yacc": 0.0010069215757150451,
  "BitBake": 0.0009593591547691808,
  "WGSL": 0.0009242767229301574,
  "HLSL": 0.0009163178320389863,
  "SWIG": 0.0008682693359952135,
  "jq": 0.0008392197124844976,
  "Raku": 0.000756968224199912,
  "Roc": 0.0007274804081667962,
  "Cap'n Proto": 0.0007112778969417522,
  "DTrace": 0.0007087626578414762,
  "Stan": 0.0006894118963742419,
  "Awk": 0.0006884474261190114,
  "Hack": 0.0006604713484800794,
  "ActionScript": 0.0006143124539152508,
  "Common Lisp": 0.0005998993946031287,
  "GDScript": 0.0005958430599915173,
  "Racket": 0.0005430870282952764,
  "ANTLR": 0.00047236201790129345,
  "Ballerina": 0.0004689414797574653,
  "FreeMarker": 0.00045834140917702117,
  "Brainfuck": 0.00041538851924675983,
  "SmPL": 0.0003496682632054705,
  "OpenEdge ABL": 0.000319199966149527,
  "FIRRTL": 0.0003085585714478813,
  "Nushell": 0.00026704949713251717,
  "Euphoria": 0.00026475007383658226,
  "Open Policy Agent": 0.00025886816752569415,
  "MATLAB": 0.00025838698768108746,
  "Liquid": 0.0002484968560506314,
  "PostScript": 0.00022037256872658678,
  "Typst": 0.00021384257462495182,
  "Scilab": 0.00020434677269550122,
  "ABAP": 0.00019680396596529701,
  "Ada": 0.0001930157775030068,
  "UnrealScript": 0.00017405634205646197,
  "Pug": 0.00016912602008908295,
  "Qt Script": 0.00016316238855925542,
  "Brightscript": 0.0001566788257039638,
  "MQL5": 0.0001522261233232908,
  "GDB": 0.00014424410280942837,
  "POV-Ray SDL": 0.00014179380432417899,
  "Ragel": 0.00013988091518809872,
  "Procfile": 0.0001350978550502642,
  "Game Maker Language": 0.0001246985390239932,
  "AMPL": 0.00011702074588200782,
  "Smalltalk": 0.00010186310554598677,
  "Visual Basic": 0.00009655528203154405,
  "AIDL": 0.00008979469798815389,
  "Pyret": 0.00008967341210593913,
  "Ant Build System": 0.0000893063891181278,
  "MoonScript": 0.00008649122947162114,
  "Smithy": 0.00008620471401645922,
  "Augeas": 0.00007892022813406896,
  "Sieve": 0.00007871877124744286,
  "Pike": 0.00007282827219969163,
  "Elm": 0.00007241646152365801,
  "Vala": 0.00007105397076487804,
  "Apex": 0.00007018138555070562,
  "LOLCODE": 0.00006951086275881989,
  "RPGLE": 0.00006808975227549955,
  "Csound": 0.00006152601930057575,
  "PEG.js": 0.00006127666892517835,
  "Xonsh": 0.0000572897194764842,
  "Prolog": 0.00005488156924382601,
  "J": 0.00005201834295322877,
  "Elvish": 0.00005021431279935467,
  "Nemerle": 0.000049395179002248215,
  "DIGITAL Command Language": 0.00004476151178034886,
  "Pawn": 0.00004279865207719417,
  "Erlang": 0.000039989686976823897,
  "xBase": 0.000037031218624554805,
  "Clean": 0.000036952365977754925,
  "QMake": 0.000034081285658296084,
  "Processing": 0.0000328993778653876,
  "RenderScript": 0.00003226358893862885,
  "COBOL": 0.00003116343247101029,
  "SAS": 0.000031002081092433636,
  "Forth": 0.00003063864421978882,
  "Noir": 0.000030463255477630465,
  "Perl 6": 0.000029055987648381304,
  "M": 0.000024719786774613475,
  "ASP.NET": 0.00002336404093363344,
  "Visual Basic 6.0": 0.000019334302014297582,
  "RobotFramework": 0.00001926133436531749,
  "SourcePawn": 0.000017792989453916686,
  "VBScript": 0.000014678145817558058,
  "GAP": 0.000011282525468551104,
  "AspectJ": 0.000010992495368793871,
  "mupad": 0.000010057487283584521,
  "Boogie": 0.000009864926489962675,
  "Verilog": 0.00000962123287456313,
  "Bicep": 0.000009126632382552531,
  "VHDL": 0.000008010379071028105,