{
  "Go": 14.645412510045825,
  "TypeScript": 14.019685753519973,
  "Python": 11.796869362408714,
  "JavaScript": 9.593818377159124,
  "Rust": 4.493742685981413,
  "C#": 4.233241928207407,
  "C++": 3.7498816277757827,
  "Java": 3.672959624317252,
  "Shell": 3.5947688654904755,
  "HTML": 3.4367145560694707,
  "C": 2.8201648686839813,
  "PHP": 2.5218953701047337,
  "CSS": 2.150471180168111,
  "Kotlin": 1.8156600036585164,
  "Ruby": 1.6258178703924486,
  "SCSS": 1.6222393968696232,
  "Dart": 1.349771755391976,
  "Jupyter Notebook": 1.2986404288210291,
  "MDX": 0.8433221182587068,
  "Dockerfile": 0.7923393438662678,
  "Lua": 0.7739460884124415,
  "Vue": 0.735946713309054,
  "Makefile": 0.6751166645793265,
  "HCL": 0.6022965869807136,
  "Swift": 0.567275303254537,
  "CMake": 0.4559427483248526,
  "XML": 0.37570919529552216,
  "Smarty": 0.3411869446516432,
  "R": 0.3108074781127783,
  "Batchfile": 0.297791407379345,
  "Markdown": 0.28837741410520257,
  "Solidity": 0.2815213238811759,
  "Nix": 0.28084284086035705,
  "Clojure": 0.277145222575942,
  "DM": 0.25312437054564624,
  "Svelte": 0.20732933443888538,
  "PowerShell": 0.20703736913448878,
  "Mustache": 0.20076706383147033,
  "PLpgSQL": 0.18849809888225885,
  "WebAssembly": 0.14510166558165083,
  "Jinja": 0.1395553522540748,
  "Vim Script": 0.1265814158764851,
  "Nim": 0.11673155586354451,
  "TeX": 0.11595489658491483,
  "Objective-C": 0.1089291994802812,
  "Perl": 0.10660046459352443,
  "Blade": 0.10103175667313818,
  "Cairo": 0.09741260185832644,
  "Handlebars": 0.09543117368976224,
  "Fluent": 0.09426336186932395,
  "Adblock Filter List": 0.07809489054800813,
  "BitBake": 0.07141123193537886,
  "Tcl": 0.0704175862619978,
  "Rich Text Format": 0.06601836596873076,
  "Sway": 0.054705241210479705,
  "Less": 0.05151697880941879,
  "D": 0.049607286617623376,
  "Zig": 0.048051904430143934,
  "Gleam": 0.04374726915770078,
  "Scheme": 0.04122734363768132,
  "Roff": 0.039546498945509496,
  "Cuda": 0.03864778909482966,
  "MLIR": 0.03564842596253947,
  "Crystal": 0.03253691126644105,
  "Scala": 0.031292174424234175,
  "Vala": 0.02931384899735934,
  "Stylus": 0.027584552950173296,
  "Assembly": 0.027189822111151677,
  "Inno Setup": 0.026375049615437185,
  "Gherkin": 0.025557854057292856,
  "Astro": 0.024208570529736524,
  "EJS": 0.02368496581409963,
  "PLSQL": 0.022641281900070653,
  "Haxe": 0.02181524951914421,
  "Starlark": 0.021642441870076266,
  "TSQL": 0.02156707613462671,
  "Groovy": 0.021494066659435016,
  "Move": 0.0160054274918959,
  "Objective-C++": 0.015401755028417362,
  "Nushell": 0.015294756544578488,
  "Twig": 0.014648786351337975,
  "Hack": 0.014409639355794666,
  "M4": 0.013970377338744547,
  "Pug": 0.012275777865767544,
  "Erlang": 0.011452332669805264,
  "Nunjucks": 0.010747644630567078,
  "Just": 0.00986148211960118,
  "Meson": 0.009734599272611494,
  "Bicep": 0.009119274418523355,
  "Elixir": 0.008542763171035991,
  "GSC": 0.008431954479893596,
  "Visual Basic .NET": 0.007390242203992567,
  "RobotFramework": 0.0068470922795984025,
  "Jsonnet": 0.0065985774461026735,
  "Yacc": 0.006212780681744899,
  "Pascal": 0.005748454655385599,
  "V": 0.0057282398547131245,
  "HiveQL": 0.005443814093751562,
  "GLSL": 0.005229334333530146,
  "Thrift": 0.004911446166908045,
  "NSIS": 0.004168110837039587,
  "WGSL": 0.003972964176247002,
  "q": 0.0037529478408215517,
  "E": 0.0037344050198620266,
  "Typst": 0.0035131569630688624,
  "QML": 0.0033910497940000863,
  "Cap'n Proto": 0.0031778398732362,
  "Liquid": 0.003093575798442606,
  "NASL": 0.002920343967647256,
  "LLVM": 0.002423953913853025,
  "Mermaid": 0.002238190843612144,
  "CUE": 0.0021456506039990264,
  "Cython": 0.00214177241403683,
  "Emacs Lisp": 0.0021288040512509074,
  "ANTLR": 0.0021148689766945583,
  "Kit": 0.0019905312939856113,
  "Sass": 0.0018757356847316734,
  "Io": 0.0015537735849420384,
  "Zephir": 0.0015491469863525944,
  "FreeMarker": 0.0015408538126824092,
  "ActionScript": 0.0013672474649054766,
  "Haskell": 0.0013203330673425882,
  "XSLT": 0.0012197534306495614,
  "sed": 0.0011815934286095889,
  "Open Policy Agent": 0.00116265177980552,
  "MATLAB": 0.001023548529116871,
  "Sage": 0.0009937977836876912,
  "Rez": 0.0009240896631163186,
  "AIDL": 0.0008986045121613009,
  "jq": 0.0008917618645287853,
  "DIGITAL Command Language": 0.0008591668776165012,
  "VCL": 0.0008459951059151867,
  "YARA": 0.000822856205100136,
  "Ragel": 0.0006578971819172188,
  "GAP": 0.0006576062061492235,
  "CoffeeScript": 0.0006489897450612328,
  "Brainfuck": 0.0006473320835977749,
  "Fortran": 0.0006213348131371663,
  "XQuery": 0.000576306457785942,
  "Volt": 0.0005757418097756956,
  "Mako": 0.0005704402626044939,
  "Ren'Py": 0.0005524336637214287,
  "AppleScript": 0.0005463752364138688,
  "ShaderLab": 0.0005343950443968301,
  "Clean": 0.0005309332389088522,
  "YAML": 0.0005277260574968008,
  "Smali": 0.00038261289064189325,
  "SmPL": 0.00038118602985008865,
  "TLA": 0.0003765284563050394,
  "PostScript": 0.0003735495049994998,
  "Lex": 0.00037077891901051287,
  "Vim Snippet": 0.0003439891791173149,
  "Max": 0.00034093062851657963,
  "Julia": 0.00034022693005766836,
  "POV-Ray SDL": 0.00031387142526024685,
  "Game Maker Language": 0.00030042758100050045,
  "MoonScript": 0.00028979800483164086,
  "SWIG": 0.0002645402757635384,
  "Ant Build System": 0.00025957009579017623,
  "Apex": 0.0002569369116298436,
  "Metal": 0.00022533972228647972,
  "Scilab": 0.0002241808512207266,
  "GDScript": 0.00021729102808948518,
  "QMake": 0.00021294305287920898,
  "HLSL": 0.00020555964735890204,
  "Awk": 0.0002008749329785924,
  "Visual Basic 6.0": 0.00019977649819998263,
  "JSON": 0.00018708812200904297,
  "Slim": 0.0001802579790511482,
  "Prolog": 0.00017744234389108581,
  "Brightscript": 0.00015906261703808013,
  "Common Lisp": 0.0001554746676866157,
  "Xonsh": 0.00014931178816404508,
  "Elm": 0.0001427530823389231,
  "Procfile": 0.00014258558987397663,
  "UnrealScript": 0.0001220177654646659,
  "F#": 0.0001219513349514283,
  "Kaitai Struct": 0.00012146791974306493,
  "Smalltalk": 0.00011173540287957244,
  "AspectJ": 0.00011153682785925649,
  "VBScript": 0.00010613834580374766,
  "Yul": 0.000100434986873752,
  "RenderScript": 0.00009904375014233823,
  "Visual Basic": 0.0000980243231960779,
  "Smithy": 0.00009704534730885979,
  "D2": 0.00009519914103401687,
  "GDB": 0.00009327798059711,
  "Marko": 0.00009003897697943428,
  "MAXScript": 0.00007843163447915214,
  "Qt Script": 0.00007532499454643499,
  "Pike": 0.00007395021318593593,
  "Processing": 0.0000722905888372072,
  "LOLCODE": 0.00007056843637495423,
  "Reason": 0.0000655218911913991,
  "Nemerle": 0.00005014670237577133,
  "Ada": 0.00004885395278231047,
  "Asymptote": 0.00004329272194259944,
  "Riot": 0.000039496293086205285,
  "COBOL": 0.00003929993228668884,
  "xBase": 0.000037590495593281885,
  "OCaml": 0.000036534129127006443,
  "SQLPL": 0.00003494319325053158,
  "SAS": 0.00003461363355709671,
  "Hy": 0.00003374855592083375,
  "LookML": 0.000032160630512292086,
  "Bluespec": 0.000030035651296876456,
  "SystemVerilog": 0.000029738226926745924,
  "Forth": 0.000029642721206263565,
  "Perl 6": 0.000029498060221041964,
  "PureScript": 0.00002941073697685551,
  "ABAP": 0.00002836351944330958,
  "Imba": 0.000026931653834054078,
  "VHDL": 0.00002580759405364674,
  "Elvish": 0.00002563705214284343,
  "Earthly": 0.000025292306361557956,
  "Raku": 0.000024929349177634948,
  "Limbo": 0.00002451053993236317,
  "SourcePawn": 0.00002170840882115832,
  "Module Management System": 0.000020503987892801116,
  "CWeb": 0.000019000045549382718,
  "PEG.js": 0.000017333478380222372,
  "StringTemplate": 0.000016013150995029343,
  "Verilog": 0.00001584654828413674,
  "XS": 0.000010472921839757797,
  "Puppet": 0.000009598262194826718,
  "DTrace": 0.000007263514740259079,
  "EmberScript": 0.000007106970882207883,
  "ASP.NET": 0.000006959250206516561,
  "Grammatical Framework": 0.000006584040617462496,
  "PigLatin": 0.0000064442310931126555,