{
  "Go": 14.607042184085955,
  "TypeScript": 14.026167258330432,
  "Python": 11.849276593175771,
  "JavaScript": 9.609966236160163,
  "Rust": 4.529285835961402,
  "C#": 4.23372932550834,
  "C++": 3.744096911232378,
  "Java": 3.6695586617389737,
  "Shell": 3.584541667675513,
  "HTML": 3.4122616165401647,
  "C": 2.8147662734303687,
  "PHP": 2.5221843781700057,
  "CSS": 2.1489718388056387,
  "Kotlin": 1.8191956651108023,
  "Ruby": 1.6262213891680737,
  "SCSS": 1.5438948257116705,
  "Dart": 1.3510984604376175,
  "Jupyter Notebook": 1.296609817959224,
  "MDX": 0.8478322642820597,
  "Dockerfile": 0.8048057399067085,
  "Lua": 0.781106517034497,
  "Vue": 0.7386524695206541,
  "Makefile": 0.675939048543154,
  "HCL": 0.6008694878565746,
  "Swift": 0.5673548239638506,
  "CMake": 0.4512632219814454,
  "XML": 0.3758641371851142,
  "Smarty": 0.34119201878854893,
  "R": 0.3111905947439312,
  "Batchfile": 0.297812807239664,
  "Markdown": 0.28849058329127725,
  "Nix": 0.2813664732392985,
  "Solidity": 0.2809269675426655,
  "Clojure": 0.2788488548934246,
  "DM": 0.2533204042000779,
  "Svelte": 0.21136799575346993,
  "PowerShell": 0.20704002861075946,
  "Mustache": 0.2008077070000564,
  "PLpgSQL": 0.18847488594244358,
  "Jinja": 0.14004554912408013,
  "WebAssembly": 0.13742069841300664,
  "Vim Script": 0.12663195090186186,
  "Nim": 0.11678511720119962,
  "TeX": 0.11593627468892882,
  "Objective-C": 0.108981589359404,
  "Perl": 0.10661382522137168,
  "Blade": 0.10183854599227019,
  "Cairo": 0.09738064833882171,
  "Handlebars": 0.09546896550190057,
  "Fluent": 0.09482162713354633,
  "Adblock Filter List": 0.07812702965121761,
  "BitBake": 0.07145130907628701,
  "Tcl": 0.07007030440626223,
  "Rich Text Format": 0.06835041159655787,
  "Sway": 0.054364466822827306,
  "Less": 0.0515249808026492,
  "D": 0.04963847784416062,
  "Zig": 0.04818328240119606,
  "Gleam": 0.04376499257199627,
  "Scheme": 0.04126141659936715,
  "DIGITAL Command Language": 0.039950575851690956,
  "Roff": 0.03959808799238518,
  "Cuda": 0.03841376079084028,
  "MLIR": 0.03521533099690264,
  "Crystal": 0.03256875919041876,
  "Scala": 0.031151299644245557,
  "Vala": 0.029367271900024104,
  "Stylus": 0.02759586013181744,
  "Assembly": 0.027186812939942805,
  "Gherkin": 0.02661353695729789,
  "EJS": 0.02368886972486045,
  "Astro": 0.023625772887125474,
  "PLSQL": 0.022650479131644082,
  "Haxe": 0.02181946099399911,
  "Groovy": 0.02179193204797146,
  "Starlark": 0.021685297888134766,
  "TSQL": 0.021567998928325376,
  "Nushell": 0.0182628961877275,
  "Objective-C++": 0.015403842228592377,
  "Move": 0.015334931978720117,
  "Twig": 0.014655929999995593,
  "Hack": 0.014348142357238303,
  "Inno Setup": 0.014175486986178824,
  "M4": 0.013888178635839944,
  "Pug": 0.012286860077650594,
  "Erlang": 0.011442679595487065,
  "Nunjucks": 0.010752036689677722,
  "Just": 0.010108213317114352,
  "Meson": 0.009748806201152458,
  "Bicep": 0.009115059698753319,
  "GSC": 0.008579046847335414,
  "Visual Basic .NET": 0.007392598771642403,
  "Elixir": 0.007108876365666405,
  "Jsonnet": 0.006591527007487562,
  "Yacc": 0.006215115118662571,
  "Pascal": 0.005750689515802685,
  "V": 0.0057303371502120904,
  "HiveQL": 0.005445605667175814,
  "GLSL": 0.005238506349512301,
  "Thrift": 0.004913441873519749,
  "q": 0.004454339282714542,
  "RobotFramework": 0.004424304605383532,
  "WGSL": 0.00418626240232094,
  "NSIS": 0.004176631997424777,
  "E": 0.0037359367201720275,
  "Typst": 0.0034931327631375917,
  "QML": 0.003385733764232212,
  "Cap'n Proto": 0.0031711046025424184,
  "Liquid": 0.00309452363228645,
  "NASL": 0.0029162213141878607,
  "LLVM": 0.00240859990561618,
  "Mermaid": 0.0022388050126380815,
  "CUE": 0.0021463928056337928,
  "Cython": 0.0021424419056397374,
  "Emacs Lisp": 0.0021289127489044573,
  "ANTLR": 0.0021152789679614132,
  "Kit": 0.0019913477285672513,
  "Sass": 0.0018752914210700415,
  "Earthly": 0.001841436737543306,
  "Io": 0.0015544108793621853,
  "Zephir": 0.0015497823831310937,
  "FreeMarker": 0.0015397984318058792,
  "ActionScript": 0.0013704613590212861,
  "Haskell": 0.0012747161352622415,
  "XSLT": 0.0012190581741880042,
  "sed": 0.0011701645981722457,
  "Open Policy Agent": 0.0011581536929338597,
  "MATLAB": 0.0010215537273547046,
  "Sage": 0.0009940307529975392,
  "Rez": 0.0009244686869275912,
  "AIDL": 0.0008996087881273732,
  "jq": 0.0008911185331442221,
  "VCL": 0.0008463420985309038,
  "YARA": 0.0008260412860830402,
  "GAP": 0.0006579825562435295,
  "Ragel": 0.0006550044962067791,
  "CoffeeScript": 0.0006491021058803699,
  "Brainfuck": 0.0006474536762620252,
  "Fortran": 0.0006216103955684889,
  "Volt": 0.0005770281200006093,
  "XQuery": 0.0005765428351406616,
  "Mako": 0.0005663507780901173,
  "Ren'Py": 0.0005523155673672329,
  "AppleScript": 0.0005436003456736307,
  "YAML": 0.00053646638727923,
  "ShaderLab": 0.0005346133328026982,
  "Clean": 0.0005311510060236405,
  "Smali": 0.00038233724182965033,
  "SmPL": 0.0003821842418748916,
  "TLA": 0.00037582416012158713,
  "PostScript": 0.0003733286101150047,
  "Lex": 0.00037043715521107575,
  "Vim Snippet": 0.00034413018760480647,
  "Julia": 0.00034172339599642044,
  "Max": 0.0003410691572213875,
  "POV-Ray SDL": 0.00031221107254444713,
  "Game Maker Language": 0.00029967035202233965,
  "MoonScript": 0.00028991445584638066,
  "SWIG": 0.00026469915157000315,
  "Ant Build System": 0.0002590167367431113,
  "Apex": 0.0002572525212673462,
  "Metal": 0.0002247501445646005,
  "Scilab": 0.00022373232323819248,
  "GDScript": 0.00021747082891829196,
  "QMake": 0.00021298095021771474,
  "HLSL": 0.00020533269869626634,
  "Visual Basic 6.0": 0.00019983183622473226,
  "Awk": 0.0001992810481778561,
  "JSON": 0.0001897514060002458,
  "Slim": 0.00018016440836340504,
  "Prolog": 0.0001774290822801207,
  "Brightscript": 0.00015912785802252904,
  "Common Lisp": 0.00015528261306303745,
  "Xonsh": 0.0001438278537494809,
  "Elm": 0.00014281163381882665,
  "Procfile": 0.00013831607334811234,
  "F#": 0.00012178500114653786,
  "UnrealScript": 0.00012154155396910486,
  "Kaitai Struct": 0.0001213879745765797,
  "Smalltalk": 0.0001117601405905344,
  "AspectJ": 0.00011147260140038616,
  "VBScript": 0.00010618027508200488,
  "Yul": 0.00010046967687759518,
  "RenderScript": 0.00009901255948806877,
  "Visual Basic": 0.00009806452876709351,
  "Smithy": 0.00009707003380945325,
  "D2": 0.00009500630668566381,
  "GDB": 0.0000932904451785661,
  "Marko": 0.00009007398232894898,
  "MAXScript": 0.00007828905836401075,
  "Qt Script": 0.00007519088290540344,
  "Pike": 0.00007397897267373687,
  "Processing": 0.00007232023948215416,
  "LOLCODE": 0.0000705973806633474,
  "Reason": 0.0000655412578418213,
  "Nemerle": 0.00005016727050353625,
  "Ada": 0.00004887423326574907,
  "Riot": 0.00003951223825911426,
  "COBOL": 0.00003930906761374261,
  "Asymptote": 0.00003916768750263939,
  "xBase": 0.0000376059205898647,
  "OCaml": 0.000036532521875044815,
  "SQLPL": 0.00003494217171334589,
  "SAS": 0.0000344548148812084,
  "Hy": 0.000033762398199132725,
  "LookML": 0.00003207326207310619,
  "Bluespec": 0.000029979469634583296,
  "SystemVerilog": 0.000029746549813094093,
  "Forth": 0.000029650037645598236,
  "Perl 6": 0.00002951015911972721,
  "PureScript": 0.000029421670278784074,
  "ABAP": 0.0000283751529997377,
  "Imba": 0.000026942700097731165,
  "VHDL": 0.00002579595708870988,
  "Elvish": 0.00002564824983374726,
  "Raku": 0.000024897211380481626,
  "Limbo": 0.000024520585876256627,
  "SourcePawn": 0.00002171828375923376,
  "Module Management System": 0.000020507290999442993,
  "CWeb": 0.000018986357197222234,
  "PEG.js": 0.000017284494737631175,
  "StringTemplate": 0.000016006241050175563,
  "Verilog": 0.000015835892924132983,
  "XS": 0.000010468288254918465,
  "Puppet": 0.000009596085760400457,
  "DTrace": 0.000007265927520891486,
  "EmberScript": 0.00000710246924135163,
  "ASP.NET": 0.000006959920518736115,
  "Grammatical Framework": 0.000006578241978313768,
  "PigLatin": 0.000006447695200970351,