{
  "TypeScript": 15.761278536338844,
  "Python": 13.62195301115533,
  "Go": 12.167493798024992,
  "JavaScript": 7.958970420054778,
  "Kotlin": 4.458614877687742,
  "C#": 4.381299665860747,
  "Rust": 4.365122255492249,
  "C++": 4.316363998020793,
  "C": 3.183599027263479,
  "Shell": 2.9789026524481845,
  "Java": 2.8716632206554937,
  "PHP": 2.5729857377592613,
  "HTML": 2.2731078560544247,
  "MDX": 2.1273572485288073,
  "Ruby": 1.7593229553298833,
  "Dart": 1.5454655720965322,
  "Vue": 1.0823784200130728,
  "CSS": 1.0092993366800678,
  "Jupyter Notebook": 0.9891134587350522,
  "SCSS": 0.9272690308840562,
  "Dockerfile": 0.7761320791254981,
  "Swift": 0.644679480810467,
  "Lua": 0.5615605223005815,
  "Makefile": 0.5609286751739367,
  "CMake": 0.41058989040452537,
  "Svelte": 0.38329759718318795,
  "HCL": 0.38134498385116267,
  "Nim": 0.36806352303477546,
  "Markdown": 0.36294952451297763,
  "Smarty": 0.3335025609815969,
  "D": 0.255837868225588,
  "Cairo": 0.25547381856704493,
  "WebAssembly": 0.24859171120974413,
  "Clojure": 0.23661608240670284,
  "Mustache": 0.22607212821390185,
  "PowerShell": 0.2174935356554847,
  "Jinja": 0.20813456068688466,
  "Nix": 0.1794274769718686,
  "Blade": 0.1728115250482461,
  "Objective-C": 0.16622444331704622,
  "Batchfile": 0.15909581330696798,
  "Solidity": 0.15185624245575927,
  "PLpgSQL": 0.12876848432753918,
  "V": 0.1201398300618253,
  "Adblock Filter List": 0.11772908013656877,
  "Sway": 0.11223277927840315,
  "Cuda": 0.09096433617879997,
  "Lean": 0.0847352703087937,
  "XML": 0.08221194591416207,
  "Roff": 0.0771116722150238,
  "Tcl": 0.07120583807413174,
  "Fluent": 0.06044557749024114,
  "MLIR": 0.060317078249825996,
  "TeX": 0.06011233085734813,
  "LLVM": 0.059605950300785845,
  "EJS": 0.05885426679218405,
  "VCL": 0.0566801433356391,
  "Vim Script": 0.0564810689979938,
  "Gherkin": 0.05224878226549778,
  "Haskell": 0.047401591901007505,
  "Haxe": 0.043283105778961134,
  "Perl": 0.04100145716904119,
  "OCaml": 0.03991672322394509,
  "Astro": 0.039161994317321855,
  "Zig": 0.03903384629177422,
  "Assembly": 0.03798419023858798,
  "AutoHotkey": 0.03787040578110866,
  "Objective-C++": 0.0374686270122843,
  "F#": 0.03669962072200204,
  "Twig": 0.033278958872896836,
  "Jsonnet": 0.032903733490389955,
  "PLSQL": 0.030679640697432856,
  "R": 0.027448903414888433,
  "Move": 0.02591189135714095,
  "Inno Setup": 0.025104855793577952,
  "Smali": 0.02428562421813079,
  "Crystal": 0.023825956087354938,
  "Gleam": 0.022175077261421736,
  "Less": 0.021453013645852677,
  "Luau": 0.019472489223033823,
  "1C Enterprise": 0.01900242627631502,
  "Just": 0.018093249902249108,
  "DM": 0.01710435617185256,
  "TSQL": 0.016606529931387972,
  "Groovy": 0.016338057579021067,
  "Noir": 0.016271572811188788,
  "M4": 0.015611105082978357,
  "Stylus": 0.013130423324026166,
  "PureScript": 0.010183707477961955,
  "Handlebars": 0.01013792959894994,
  "GSC": 0.009436458972692496,
  "API Blueprint": 0.008756545822200585,
  "Scheme": 0.008250481536828048,
  "YAML": 0.007877416338603407,
  "GLSL": 0.00783390628254125,
  "AppleScript": 0.007753786121263876,
  "Metal": 0.007177413494639921,
  "Rich Text Format": 0.006751102659385266,
  "Meson": 0.006471582934541915,
  "Starlark": 0.00606791585927972,
  "Visual Basic .NET": 0.00588633044092966,
  "reStructuredText": 0.005669353532015151,
  "JSON": 0.0048953851380786565,
  "Cython": 0.004588971753995577,
  "Julia": 0.004498834904827791,
  "QML": 0.0044577733124499435,
  "Haml": 0.004018574261218434,
  "Volt": 0.003812435523310895,
  "SystemVerilog": 0.0037249627333958654,
  "CoffeeScript": 0.003590956961304887,
  "Yul": 0.003276057716380445,
  "XSLT": 0.0032190379352562406,
  "NSIS": 0.003165393327577341,
  "q": 0.0030189527708492426,
  "Emacs Lisp": 0.0029616060545516287,
  "Elixir": 0.002877973518704008,
  "templ": 0.0027324754738119413,
  "Earthly": 0.0024680088303459602,
  "Thrift": 0.002379210309181841,
  "CUE": 0.0022808599131498805,
  "Circom": 0.0019422845626292523,
  "Fortran": 0.0018227995716433236,
  "NASL": 0.0017729868832351016,
  "Mako": 0.0017060744847053877,
  "Bikeshed": 0.0016823143637881791,
  "Sass": 0.0016436516687653687,
  "Kit": 0.0016431285275042805,
  "sed": 0.001640567589745041,
  "ShaderLab": 0.001594187396772363,
  "Scala": 0.001529545997244648,
  "XQuery": 0.0014037159955197446,
  "Io": 0.0012058142256571285,
  "Pascal": 0.0011540650099761164,
  "Mermaid": 0.0010956007955346843,
  "CartoCSS": 0.0010755118276253653,
  "Sage": 0.001059279401784423,
  "Dhall": 0.0010554646499377931,
  "SQL": 0.0010406435079709036,
  "Lex": 0.0010287323628668588,
  "Yacc": 0.0010101259458777795,
  "BitBake": 0.000995540989112175,
  "HLSL": 0.000921854251491545,
  "WGSL": 0.0009186447212365965,
  "SWIG": 0.0008711447361477825,
  "jq": 0.000838263117248428,
  "Hack": 0.0008177904319877908,
  "Raku": 0.0007607335445925746,
  "Roc": 0.0007300185858137811,
  "DTrace": 0.000712401645569746,
  "Cap'n Proto": 0.0007123514598895234,
  "Awk": 0.0006934355935172918,
  "Stan": 0.0006919802866103302,
  "ActionScript": 0.0006160163477435356,
  "Common Lisp": 0.0006019264979079689,
  "GDScript": 0.0005982942411612138,
  "Racket": 0.0005449818578193595,
  "ANTLR": 0.00047390032616524057,
  "Ballerina": 0.00047057761561528685,
  "FreeMarker": 0.0004605317096103234,
  "Brainfuck": 0.0004168378089355682,
  "SmPL": 0.0003514579821306725,
  "OpenEdge ABL": 0.00032023203816631304,
  "FIRRTL": 0.00031045161506090097,
  "Nushell": 0.00026592586258055047,
  "Open Policy Agent": 0.0002598147802716028,
  "MATLAB": 0.00025891540371819816,
  "Euphoria": 0.0002578827661732781,
  "Liquid": 0.00024933314579969433,
  "PostScript": 0.0002211295222389758,
  "Typst": 0.0002145886709277437,
  "Scilab": 0.00020425373474291874,
  "ABAP": 0.00019749061459753967,
  "Ada": 0.00019368880192908574,
  "UnrealScript": 0.0001829345373576953,
  "Pug": 0.00016968492554979316,
  "Qt Script": 0.0001637323952863701,
  "Brightscript": 0.0001572254778044097,
  "MQL5": 0.00015275723995429393,
  "GDB": 0.00014600198059345245,
  "POV-Ray SDL": 0.00014225679541213926,
  "Ragel": 0.00014036994241797628,
  "Procfile": 0.00013326480632236602,
  "Game Maker Language": 0.00012513121513880085,
  "AMPL": 0.00011742825502237538,
  "Smalltalk": 0.00010215399050795056,
  "Visual Basic": 0.00009689216321184738,
  "AIDL": 0.00009009407143622766,
  "Pyret": 0.0000899862824562345,
  "Ant Build System": 0.00008957229228685358,
  "Smithy": 0.00008683707367609772,
  "MoonScript": 0.0000867929971932541,
  "Augeas": 0.00007919558064761583,
  "Sieve": 0.00007633702521454022,
  "Pike": 0.00007308032902728666,
  "Elm": 0.00007266912240888551,
  "Vala": 0.00007125424266264774,
  "Apex": 0.00007042624826046312,
  "LOLCODE": 0.0000697533860159364,
  "RPGLE": 0.000068327172953719,
  "Csound": 0.00006174068345529876,
  "PEG.js": 0.0000612024369200427,
  "Xonsh": 0.000057490200028435215,
  "Prolog": 0.00005503927573548307,
  "J": 0.00005219983484474209,
  "Elvish": 0.00005033653301223365,
  "Nemerle": 0.00004956751868013487,
  "DIGITAL Command Language": 0.000044917551554319405,
  "Erlang": 0.00004002352232764083,
  "xBase": 0.00003716041753959608,
  "Clean": 0.00003708121438003364,
  "QMake": 0.00003418475044917758,
  "Processing": 0.00003301416372705508,
  "RenderScript": 0.00003262959424111581,
  "COBOL": 0.000031272227926713515,
  "SAS": 0.00003109310807232533,
  "Forth": 0.00003072228112476681,
  "Perl 6": 0.000029157363929491105,
  "M": 0.000024834675210640966,
  "ASP.NET": 0.000023445549645096324,
  "Visual Basic 6.0": 0.00001938343613368927,
  "RobotFramework": 0.000019263199715069696,
  "SourcePawn": 0.000017883413550360167,
  "VBScript": 0.000014723199874901612,
  "GAP": 0.000011315415518955805,
  "AspectJ": 0.000011026364846919656,
  "mupad": 0.000010080171989576679,
  "Boogie": 0.00000988029448473506,
  "Verilog": 0.000009596113603599285,
  "Pawn": 0.000009432943819313892,
  "Bicep": 0.000009409689833774448,
  "VHDL": 0.000008034095927045266,