{
  "TypeScript": 14.280305820623502,
  "Python": 13.638284920831497,
  "Go": 12.568509745408576,
  "JavaScript": 8.542671154383836,
  "C#": 4.764563667053077,
  "C++": 4.38038183346795,
  "Rust": 4.0705430323659595,
  "Shell": 3.8543249130011037,
  "C": 3.825126110520642,
  "HTML": 2.91207379852471,
  "Java": 2.791721063222855,
  "PHP": 2.409514936596931,
  "Kotlin": 2.0673843335693465,
  "Ruby": 1.84781215718662,
  "Dart": 1.8430123899486797,
  "SCSS": 1.3289085071539244,
  "CSS": 1.3120930588894917,
  "Jupyter Notebook": 1.2768683650258492,
  "Vue": 1.1957957097869458,
  "Dockerfile": 0.8775306287216915,
  "Makefile": 0.717488555983342,
  "CMake": 0.7088642906859215,
  "MDX": 0.6624233678745922,
  "Lua": 0.5625087443272347,
  "HCL": 0.534317039965794,
  "Smarty": 0.3922065306413752,
  "Swift": 0.37695596322693925,
  "Nix": 0.35093683048247476,
  "Markdown": 0.32692203376414813,
  "Clojure": 0.3207908357187049,
  "WebAssembly": 0.3103679415801343,
  "Svelte": 0.29158877733931,
  "Mustache": 0.2892107429962041,
  "PowerShell": 0.26364006419365493,
  "Solidity": 0.2048275818807565,
  "Jinja": 0.20142223401320747,
  "D": 0.1986994186982823,
  "Batchfile": 0.19802724779225647,
  "DM": 0.186724165646924,
  "PLpgSQL": 0.17031017288298503,
  "Objective-C": 0.16646961669992258,
  "Nim": 0.16504220327979283,
  "Zig": 0.14838577167949746,
  "Sway": 0.13887904762080167,
  "XML": 0.12306804749557886,
  "Tcl": 0.11543435912307219,
  "Perl": 0.1083135931405688,
  "Adblock Filter List": 0.10292814445854695,
  "Roff": 0.10241794601303057,
  "VCL": 0.10064114321002102,
  "Vim Script": 0.09917901236043676,
  "Blade": 0.09578136288115216,
  "Fluent": 0.09577733174320471,
  "Cairo": 0.09512985912689088,
  "Cuda": 0.08761824568972516,
  "Scala": 0.06757047108264111,
  "Crystal": 0.06144007240136321,
  "Haxe": 0.06113087147560501,
  "Handlebars": 0.054862894456579506,
  "MLIR": 0.05201146064330091,
  "TeX": 0.05068027389622973,
  "Gherkin": 0.046752533986374654,
  "Meson": 0.043523082882505934,
  "DIGITAL Command Language": 0.0411156409700522,
  "V": 0.04079759583586031,
  "1C Enterprise": 0.03903674483362291,
  "Astro": 0.03739071271318799,
  "LLVM": 0.035634897931090495,
  "Twig": 0.034478231641973354,
  "BitBake": 0.03252991474198274,
  "Assembly": 0.02951733827556368,
  "Inno Setup": 0.028700035108966973,
  "OCaml": 0.02814465689234992,
  "PLSQL": 0.026498636769796174,
  "EJS": 0.024901447849081427,
  "MATLAB": 0.02227555718711829,
  "Nushell": 0.01981791436674475,
  "Objective-C++": 0.019383943913341133,
  "M4": 0.016823234783231715,
  "TSQL": 0.015430163430128136,
  "Just": 0.015359840728655549,
  "Scheme": 0.014660629227512167,
  "Stylus": 0.014235543230053452,
  "MoonScript": 0.014030852551325008,
  "GSC": 0.013077775689021782,
  "Starlark": 0.012079035083351734,
  "Less": 0.011139650474235699,
  "QML": 0.010307012448827644,
  "GLSL": 0.008695611466842368,
  "Visual Basic .NET": 0.007764514904300301,
  "Elixir": 0.007493170482761281,
  "Groovy": 0.007420578795961345,
  "ActionScript": 0.006291298621815784,
  "NSIS": 0.0059359979686462415,
  "R": 0.0057922908831332855,
  "Cython": 0.005599719816053693,
  "Yacc": 0.0054720503392005895,
  "Lean": 0.005223566570577764,
  "Jsonnet": 0.005158710385811755,
  "q": 0.004694729143789783,
  "Typst": 0.004666411567560566,
  "Volt": 0.004057721517374423,
  "Rich Text Format": 0.004030312841781193,
  "NASL": 0.003591719017822676,
  "jq": 0.0034789412838421513,
  "Liquid": 0.0034557999271516582,
  "WGSL": 0.0034133541486866224,
  "Bicep": 0.0032139081869758685,
  "templ": 0.0029020138209963644,
  "Emacs Lisp": 0.00274003417809063,
  "Mako": 0.0027095145572594093,
  "Earthly": 0.002663031344412652,
  "Mermaid": 0.0026403524220396553,
  "Cap'n Proto": 0.0025935526584829767,
  "Metal": 0.00227245353570441,
  "CUE": 0.0022510772907591674,
  "Move": 0.001995424764155453,
  "sed": 0.001934935227497729,
  "Zephir": 0.00162382397334039,
  "ANTLR": 0.0015680497608903025,
  "Io": 0.0014112318023652537,
  "XSLT": 0.001282058731533939,
  "Sass": 0.0012158473716870895,
  "Hack": 0.0011961130520856214,
  "Fortran": 0.0011576870355101308,
  "Open Policy Agent": 0.0011240391701854732,
  "FreeMarker": 0.001063678756483281,
  "Kit": 0.0010255833058433602,
  "Sage": 0.0010131592023907086,
  "OpenEdge ABL": 0.000995800350078009,
  "Vala": 0.000989180693268692,
  "HLSL": 0.0009825744089725949,
  "Rez": 0.0009723679550702605,
  "HiveQL": 0.0009461989549519162,
  "Pug": 0.0008507366362095408,
  "AIDL": 0.0008336607818788384,
  "ShaderLab": 0.0007120470068580046,
  "AppleScript": 0.0006990574570999159,
  "Brainfuck": 0.0006727680118194147,
  "XQuery": 0.0006186950949563747,
  "SmPL": 0.0005746331821686133,
  "Ren'Py": 0.0005629430399976856,
  "Julia": 0.0005397167363986174,
  "Haskell": 0.0005008127677283855,
  "Lex": 0.00048121695853951997,
  "Pascal": 0.0004612804742522863,
  "SWIG": 0.00041918038263490933,
  "GDScript": 0.00037831633613484014,
  "RobotFramework": 0.0003391962084211285,
  "SAS": 0.0002770278688757636,
  "Qt Script": 0.0002626521173816743,
  "Ada": 0.00023395611096652103,
  "Kaitai Struct": 0.0002333454117059399,
  "QMake": 0.00022634910525530272,
  "Awk": 0.0002100965761281127,
  "Visual Basic 6.0": 0.00020425412776752398,
  "Thrift": 0.0001902473757308012,
  "POV-Ray SDL": 0.0001803806329017691,
  "FIRRTL": 0.00017924295300743239,
  "Scilab": 0.00017710628867728616,
  "Brightscript": 0.0001671288616062878,
  "Smalltalk": 0.00016083601087737631,
  "Procfile": 0.0001556372186337371,
  "PureBasic": 0.00015193548910256548,
  "Elm": 0.0001518391942671676,
  "Smithy": 0.000148106402190602,
  "PostScript": 0.00013952729748020564,
  "UnrealScript": 0.00013811263148659996,
  "Common Lisp": 0.00013589010063011972,
  "Standard ML": 0.00013474850300608252,
  "CoffeeScript": 0.00011961894074893491,
  "VBScript": 0.00011600807428078506,
  "E": 0.00010396261917478029,
  "Visual Basic": 0.00010299524709545842,
  "Circom": 0.00010132237412484694,
  "EmberScript": 0.00010102730772120805,
  "Game Maker Language": 0.00009967402262268703,
  "D2": 0.00009908967397972209,
  "F#": 0.00009252529785329417,
  "Haml": 0.00008822804147562472,
  "Ant Build System": 0.00008513176701644397,
  "GDB": 0.0000827685695628652,
  "Pike": 0.0000778706849569778,
  "Apex": 0.000074862286083273,
  "LOLCODE": 0.00007414704131177677,
  "RPGLE": 0.00007263165903197243,
  "Prolog": 0.00007015339488140827,
  "Erlang": 0.00007006264703116422,
  "Reason": 0.00007000802212437998,
  "SystemVerilog": 0.00006796983482176774,
  "Processing": 0.00005288898758324721,
  "Nemerle": 0.00005268969816688959,
  "Euphoria": 0.00005058385770802544,
  "Forth": 0.00004000746191421433,
  "xBase": 0.00003945717716629712,
  "Clean": 0.00003941726260453286,
  "Ragel": 0.00003879047242836871,
  "COBOL": 0.00003326097889762558,
  "Slim": 0.00003252488076145211,
  "Verilog": 0.00003186064945525395,
  "PureScript": 0.000031709499341047044,
  "Riot": 0.000031583478660697205,
  "Perl 6": 0.00003099394009817035,
  "RenderScript": 0.00003036648084211932,
  "ABAP": 0.000029801865479009953,
  "Imba": 0.000029015830240036343,
  "ASP.NET": 0.000026475008833377792,
  "Limbo": 0.000025760339310648698,
  "PEG.js": 0.000024582683640083684,
  "VHDL": 0.000019972886320894734,
  "Raku": 0.000018668070193462528,
  "GAP": 0.00001457447864978463,
  "SourcePawn": 0.000014500274309097555,
  "Marko": 0.000014068281328502474,
  "Nunjucks": 0.000012701766232206945,
  "DTrace": 0.000012156729124421236,
  "Gnuplot": 0.000012136067383172212,
  "Alloy": 0.000010965836686336841,
  "Nu": 0.000009580898917033776,
  "AspectJ": 0.000009411856313056267,
  "JetBrains MPS": 0.000009293466253470268,
  "Xonsh": 0.000007958935419252478,
  "Module Management System": 0.000007376867949929571,
  "YARA": 0.000007236871888451684,
  "Redcode": 0.000005799009392419503,
  "Boogie": 0.000005667203406968289,
  "Max": 0.000005456965690532837,
  "Velocity Template Language": 0.000005144338634516558,
  "Elvish": 0.000005126347416138143,