{
  "Go": 15.387967220413062,
  "TypeScript": 13.5621591921182,
  "Python": 12.284137001565684,
  "JavaScript": 9.18427757245086,
  "Rust": 5.061273935469275,
  "C#": 4.580124692237293,
  "PHP": 3.842015572593791,
  "Java": 3.5900295841847334,
  "HTML": 3.308341473753873,
  "Shell": 3.253942104030574,
  "C++": 3.128324063125766,
  "C": 2.4074512893744493,
  "CSS": 1.9192086379290842,
  "SCSS": 1.852089754301773,
  "Kotlin": 1.5156913942109878,
  "Ruby": 1.1867522467787577,
  "Jupyter Notebook": 1.1077959935023267,
  "HCL": 1.0536282086832058,
  "Dart": 1.0101815662709763,
  "Lua": 0.8408412617644297,
  "Vue": 0.790070278788918,
  "MDX": 0.6989579836772565,
  "Makefile": 0.6117820382230508,
  "Dockerfile": 0.5971442119814628,
  "XML": 0.5315752052199632,
  "Smarty": 0.5030470836408941,
  "Swift": 0.4218091466334362,
  "CMake": 0.3768820855524759,
  "Objective-C": 0.3167125458044272,
  "Nix": 0.29442381074713114,
  "Nim": 0.269485637810189,
  "Mustache": 0.24463217065643508,
  "Batchfile": 0.22002985963870972,
  "WebAssembly": 0.2171458175584847,
  "Clojure": 0.21286980983214102,
  "PowerShell": 0.2045895196556681,
  "Move": 0.20446473003552218,
  "DM": 0.19773155728350436,
  "Cairo": 0.19746088493752773,
  "Jinja": 0.19437909166058095,
  "Svelte": 0.18316024510810253,
  "Vim Script": 0.1808749936770414,
  "Markdown": 0.16456145636622152,
  "PLpgSQL": 0.14879195956921254,
  "Solidity": 0.1342463581127845,
  "Blade": 0.1260112785909344,
  "Tcl": 0.11247648051741152,
  "Adblock Filter List": 0.10341940230039592,
  "Perl": 0.08349449509974453,
  "R": 0.07932466469992763,
  "TeX": 0.06770202418088378,
  "PLSQL": 0.06586663842904518,
  "Nushell": 0.06370374738393514,
  "Less": 0.050524789036650135,
  "Rich Text Format": 0.05045683218912249,
  "Fluent": 0.04536863658817022,
  "MLIR": 0.044757392466994984,
  "Gherkin": 0.044461046667496264,
  "Scheme": 0.04167544368540945,
  "Cuda": 0.04140743582560731,
  "TSQL": 0.041093213914622444,
  "Handlebars": 0.03998090394195056,
  "Twig": 0.03614445960095256,
  "Prolog": 0.033547461237486205,
  "Zig": 0.032421036466043315,
  "Red": 0.03202616906411064,
  "Haxe": 0.031209046933485737,
  "Astro": 0.030002463972621546,
  "Stylus": 0.027877962026020754,
  "Roff": 0.02611728927884661,
  "Assembly": 0.02230081645335563,
  "Jsonnet": 0.02068526829835555,
  "Inno Setup": 0.020016763263829007,
  "Groovy": 0.01893163691022808,
  "Starlark": 0.01855776015218815,
  "Objective-C++": 0.01838457837799707,
  "Crystal": 0.017987072161499515,
  "M4": 0.01726130727305167,
  "Volt": 0.015011052560746788,
  "Haml": 0.013221798840369394,
  "Antlers": 0.011976038296271595,
  "ANTLR": 0.010287995269953245,
  "Mako": 0.010260438528887531,
  "Nunjucks": 0.0102590943956956,
  "Mermaid": 0.010015753875720805,
  "Visual Basic .NET": 0.009178801456986104,
  "IDL": 0.00883383174612663,
  "Elixir": 0.008580836613325246,
  "Verilog": 0.008447022035925322,
  "Emacs Lisp": 0.007906406527505145,
  "Just": 0.007652796868023246,
  "Sass": 0.007649179081535408,
  "Yul": 0.007590132945263151,
  "RobotFramework": 0.007396837035746664,
  "Hack": 0.007270807157731464,
  "Pug": 0.006598544562328536,
  "MATLAB": 0.0062683473110579325,
  "GSC": 0.006234176758648424,
  "Haskell": 0.006160216167230503,
  "Thrift": 0.005920977112184853,
  "QML": 0.005609336946150776,
  "Yacc": 0.005586669758351549,
  "V": 0.005473866057478021,
  "OCaml": 0.0052393771597084755,
  "Rebol": 0.005178800592864744,
  "CoffeeScript": 0.004603966869626447,
  "Slim": 0.004508052854361235,
  "HiveQL": 0.004350151164440324,
  "E": 0.003943022500316998,
  "q": 0.003776184402506283,
  "BitBake": 0.0037394376157376366,
  "Scala": 0.0035407159748120664,
  "Typst": 0.0034471013314009823,
  "GLSL": 0.0030346250293170765,
  "NSIS": 0.002923778515038601,
  "FreeMarker": 0.0027171568773387265,
  "Cython": 0.002656643251331749,
  "Cap'n Proto": 0.0025449501822431583,
  "LLVM": 0.0022989248308401974,
  "WGSL": 0.0021953717377259834,
  "Open Policy Agent": 0.001997608524233484,
  "Meson": 0.0018716716288403163,
  "CodeQL": 0.0015519836726957538,
  "DIGITAL Command Language": 0.0014378731392118793,
  "POV-Ray SDL": 0.0011591311789469884,
  "NASL": 0.0010487497392976087,
  "XSLT": 0.001043859811110646,
  "VCL": 0.001001569283559411,
  "YARA": 0.0008577126346330124,
  "Processing": 0.0008270372213935674,
  "1C Enterprise": 0.0008184672827983876,
  "Erlang": 0.000817737803633809,
  "Sage": 0.0008034471865423772,
  "Metal": 0.0007993061507887448,
  "Fortran": 0.0007974171678134589,
  "sed": 0.0007765316037739694,
  "AppleScript": 0.0007655761537259046,
  "EJS": 0.0006889855070975726,
  "GAP": 0.0006496032312330019,
  "SWIG": 0.0006485228407673043,
  "COBOL": 0.0006404847783299543,
  "Liquid": 0.0005626421690767157,
  "QMake": 0.0004854785218799862,
  "Pascal": 0.00047919081463416145,
  "ShaderLab": 0.0004766687523530341,
  "Scilab": 0.00043756445562566934,
  "Gleam": 0.0004210013850053927,
  "PostScript": 0.00040747714135101797,
  "Puppet": 0.0004039266034186392,
  "Smali": 0.00038142221288213116,
  "Ant Build System": 0.0003708670885212628,
  "Max": 0.0003607562564813689,
  "ASP.NET": 0.0003423619305510225,
  "Lex": 0.0003414066945114307,
  "SmPL": 0.00029982738637715354,
  "Ragel": 0.00028548389166372143,
  "AIDL": 0.00028110421561720536,
  "GDScript": 0.0002666396151318496,
  "Common Lisp": 0.0002587488258592448,
  "Mathematica": 0.0002449450337955466,
  "VBScript": 0.00023032869219479453,
  "HLSL": 0.0002166588046168456,
  "jq": 0.00021098531518577262,
  "Xonsh": 0.00020682707779507128,
  "Game Maker Language": 0.00018102126855812015,
  "Julia": 0.00016489264831381028,
  "D": 0.00016361793074905223,
  "Awk": 0.00014726735433657817,
  "SystemVerilog": 0.0001393751581360811,
  "MoonScript": 0.00011439278172036991,
  "Smithy": 0.00009290156257721493,
  "GDB": 0.00008854215289725454,
  "Qt Script": 0.0000852393007050992,
  "OpenEdge ABL": 0.00008239698640577064,
  "XS": 0.00007907446493649812,
  "RenderScript": 0.00007572033140811314,
  "Visual Basic 6.0": 0.00007380763704204983,
  "D2": 0.00007027350121065731,
  "SQLPL": 0.000065432425404084,
  "Procfile": 0.00006269591695204918,
  "F#": 0.0000626846047912973,
  "SourcePawn": 0.00005104253156949564,
  "ZenScript": 0.00004930967642336452,
  "Io": 0.000046022422472131376,
  "Asymptote": 0.000042513398902478145,
  "Smalltalk": 0.000041374618703745816,
  "AspectJ": 0.00004088286429953042,
  "Motoko": 0.000032929303288257785,
  "Boogie": 0.000032552814198984766,
  "Hy": 0.000032355449730520156,
  "LookML": 0.0000313272831651445,
  "Bicep": 0.000028133880876641628,
  "Ada": 0.000027107521172516835,
  "Turing": 0.00002655308576197367,
  "Raku": 0.00002593175356587125,
  "Module Management System": 0.00002586188508137474,
  "CUE": 0.000025758798739500467,
  "AMPL": 0.000024272456723274178,
  "Pawn": 0.000022281518380658334,
  "Marko": 0.0000222118098051771,
  "PEG.js": 0.000022157382941250282,
  "VHDL": 0.000020577345777117086,
  "DTrace": 0.000020260429423995623,
  "Nasal": 0.000020208416803901103,
  "CWeb": 0.0000189072478295835,
  "Earthly": 0.000018439506083722446,
  "UnrealScript": 0.000015732258765550695,
  "BlitzBasic": 0.000015661840804427623,
  "RPC": 0.000012282181860778343,
  "Grammatical Framework": 0.000010734100072766796,
  "OpenSCAD": 0.000010522158637348998,
  "Alloy": 0.00000910896053389873,
  "Imba": 0.00000861407313797726,
  "Elvish": 0.000008222105736924177,
  "EmberScript": 0.0000070745600995179126,
  "PigLatin": 0.000006183569847122648,
  "Coq": 0.000005969002688314549,
  "NewLisp": 0.0000056405074086340645,
  "PureBasic": 0.00000557798071754815,
  "SAS": 0.000004959754160307803,
  "Velocity Template Language": 0.0000042732332183286725,
  "Modula-3": 0.00000423364477896866,
  "XC": 0.000004120009252176243,
  "G-code": 0.0000040395385624883915,
  "M": 0.000003561136769385096,
  "Gnuplot": 0.000003073185097778253,
  "Riot": 0.000002937701670008495,
  "Forth": 0.0000025410615068596326,
  "JetBrains MPS": 0.0000024263833601267737,