{
  "TypeScript": 14.197246829470636,
  "Python": 13.541521397337345,
  "Go": 12.5241263249241,
  "JavaScript": 8.56675492787693,
  "C#": 4.816254562194452,
  "C++": 4.442375514366102,
  "Rust": 3.9905066474407302,
  "C": 3.855870858109059,
  "Shell": 3.84153030817634,
  "HTML": 2.959470524702037,
  "Java": 2.7986349479653274,
  "PHP": 2.4435482257939123,
  "Kotlin": 2.0792362646506715,
  "Ruby": 1.874241220867566,
  "Dart": 1.7084101018025524,
  "SCSS": 1.3514321199873782,
  "CSS": 1.3221659320021606,
  "Vue": 1.1751244177905174,
  "Jupyter Notebook": 1.1546496852772377,
  "Dockerfile": 0.931618902362066,
  "Makefile": 0.7252683484304495,
  "CMake": 0.7082374082671231,
  "MDX": 0.6634412078313365,
  "HCL": 0.6614075239583966,
  "Lua": 0.5711044495845449,
  "PowerShell": 0.4031832818171685,
  "Smarty": 0.39988433371043125,
  "Nix": 0.3567940984735282,
  "Markdown": 0.3320459863976118,
  "Clojure": 0.3246888204318481,
  "Swift": 0.32433197137436925,
  "WebAssembly": 0.3149098378837818,
  "Mustache": 0.2938178317924217,
  "Svelte": 0.28906997081529584,
  "Jinja": 0.2047277160804411,
  "Solidity": 0.20230920142174047,
  "D": 0.2018199660108612,
  "Batchfile": 0.20095887656407982,
  "DM": 0.18964166078326314,
  "PLpgSQL": 0.1730217042149654,
  "Objective-C": 0.16826038792936332,
  "Nim": 0.1596103596248306,
  "Zig": 0.15073264849573545,
  "Sway": 0.13788629473479966,
  "XML": 0.12501605734776272,
  "Tcl": 0.1172331030922484,
  "Perl": 0.10998744746415104,
  "Roff": 0.10469498415491942,
  "Adblock Filter List": 0.10454862412216637,
  "Blade": 0.10097438311717372,
  "Vim Script": 0.10075044819097399,
  "Cairo": 0.09647779263199374,
  "Fluent": 0.09576459403719854,
  "Cuda": 0.08742159919856908,
  "Scala": 0.0686528548371939,
  "Haxe": 0.06550514972629738,
  "Crystal": 0.062383642451851996,
  "Handlebars": 0.05580615210819898,
  "MLIR": 0.05314139044949027,
  "TeX": 0.05153389556920516,
  "Gherkin": 0.047509219745923426,
  "DIGITAL Command Language": 0.0454208713923076,
  "Meson": 0.04448053617540629,
  "V": 0.04144143055702028,
  "1C Enterprise": 0.03965460619695587,
  "Astro": 0.03847760910681981,
  "LLVM": 0.03620516282179274,
  "Twig": 0.035027721334346035,
  "BitBake": 0.033043258789686863,
  "Assembly": 0.030285397729974375,
  "OCaml": 0.028567858389577434,
  "Inno Setup": 0.028418190854954804,
  "PLSQL": 0.02691813652389584,
  "EJS": 0.025323980201755164,
  "MATLAB": 0.02262827132369416,
  "Nushell": 0.02014149747318616,
  "Objective-C++": 0.019051736328005744,
  "M4": 0.017201182742625897,
  "TSQL": 0.015680529365889262,
  "Just": 0.015091314131890717,
  "Scheme": 0.014911291720247908,
  "Stylus": 0.014460867392010949,
  "MoonScript": 0.0142529447186548,
  "GSC": 0.012886679001460318,
  "Starlark": 0.01220206252854965,
  "Less": 0.011333151498612493,
  "QML": 0.010500147638109953,
  "Visual Basic .NET": 0.007889897286571784,
  "Elixir": 0.0075976180467954135,
  "Groovy": 0.007559655363029274,
  "GLSL": 0.0066946560607919585,
  "ActionScript": 0.006390882602270774,
  "NSIS": 0.0060410853162013774,
  "R": 0.005897703870666734,
  "Cython": 0.005687588468938279,
  "Yacc": 0.0055990948678978445,
  "Jsonnet": 0.00531318853384202,
  "Lean": 0.005299554936166831,
  "Mako": 0.00521298545176023,
  "q": 0.0047774693925291024,
  "Typst": 0.004747036629546604,
  "Volt": 0.004131179103981677,
  "Rich Text Format": 0.004112495053646413,
  "NASL": 0.003637230941015682,
  "jq": 0.0035340842836088875,
  "WGSL": 0.00349248298588554,
  "Liquid": 0.003396441923725513,
  "Bicep": 0.0033249714438517773,
  "templ": 0.002948023768448776,
  "Emacs Lisp": 0.002786392560123316,
  "Earthly": 0.002721040470454668,
  "Mermaid": 0.002683246017128356,
  "Cap'n Proto": 0.002637757322472417,
  "CUE": 0.002292000471998753,
  "Move": 0.0020390640309412094,
  "sed": 0.001963554121865716,
  "Metal": 0.001655455396172902,
  "Zephir": 0.0016534706788052566,
  "ANTLR": 0.0015989083238570894,
  "XSLT": 0.0014583947932050208,
  "Io": 0.0013675026666301992,
  "Sass": 0.0012370105354314847,
  "Hack": 0.0012188886065414499,
  "Fortran": 0.0011741409830979938,
  "Open Policy Agent": 0.001148452997007094,
  "FreeMarker": 0.0010843008654678689,
  "Kit": 0.0010418171033505896,
  "Sage": 0.0010322707552727994,
  "OpenEdge ABL": 0.0010319843698031752,
  "Vala": 0.0010049237614020634,
  "HLSL": 0.00099873519420883,
  "Rez": 0.0009877599299668327,
  "HiveQL": 0.0009650583866692346,
  "Pug": 0.0008871078369136099,
  "AIDL": 0.0008477294041328433,
  "ShaderLab": 0.0007246344731059923,
  "AppleScript": 0.0007165201321901848,
  "Brainfuck": 0.0006846923782668453,
  "XQuery": 0.0006285768327199746,
  "SmPL": 0.0005756735510633905,
  "Ren'Py": 0.0005749080896906882,
  "Julia": 0.0005500594760048602,
  "VCL": 0.0005400487987478533,
  "Haskell": 0.0005095204106243136,
  "Lex": 0.0004895037518420127,
  "Pascal": 0.00046797976669209494,
  "SWIG": 0.0004195491444908011,
  "GDScript": 0.0003825646813141694,
  "RobotFramework": 0.00034477446208590296,
  "SAS": 0.0002841411122994575,
  "Qt Script": 0.000272061980248889,
  "Kaitai Struct": 0.00023808623391842286,
  "Ada": 0.0002376374764223456,
  "QMake": 0.00022942469720666612,
  "Awk": 0.00021613221280731966,
  "Visual Basic 6.0": 0.00020768740960824578,
  "Thrift": 0.00019473351542929803,
  "Scilab": 0.00018468313374165877,
  "POV-Ray SDL": 0.00018320895807804835,
  "FIRRTL": 0.00018201891228427483,
  "Brightscript": 0.00016977431817863245,
  "Smalltalk": 0.00016614209186303715,
  "Procfile": 0.00016188311196997976,
  "PureBasic": 0.00016157982877944478,
  "Elm": 0.0001546880181945103,
  "PostScript": 0.00014197679024649743,
  "UnrealScript": 0.00014043708287433525,
  "Smithy": 0.00013856154130243437,
  "Common Lisp": 0.0001385316730919011,
  "Standard ML": 0.000137488900776638,
  "CoffeeScript": 0.00012160909559341894,
  "VBScript": 0.0001178444034367916,
  "Circom": 0.00011009108636777488,
  "Visual Basic": 0.00010462554272920005,
  "E": 0.00010431210530950568,
  "EmberScript": 0.00010280798685483473,
  "Game Maker Language": 0.00010125445299476902,
  "D2": 0.00010077885665265999,
  "F#": 0.00009410825738398625,
  "Haml": 0.00008962458932465286,
  "Ant Build System": 0.00008648778366089522,
  "GDB": 0.00008393373918136336,
  "Pike": 0.00007910435622649392,
  "Apex": 0.0000760472694837241,
  "LOLCODE": 0.00007532070321477132,
  "RPGLE": 0.00007378133418621997,
  "Reason": 0.00007153433820669177,
  "Prolog": 0.00007132232265780413,
  "Erlang": 0.00007120673093030305,
  "SystemVerilog": 0.00006904750669824904,
  "Processing": 0.000053726159083501655,
  "Nemerle": 0.00005352371514618797,
  "Euphoria": 0.00005125986123862284,
  "Forth": 0.00004065165248827908,
  "xBase": 0.00004008174186612074,
  "Clean": 0.00004004119228022612,
  "Ragel": 0.00003944351502164176,
  "COBOL": 0.000033789718764799975,
  "Slim": 0.000033039712004530895,
  "Verilog": 0.00003241111990221706,
  "PureScript": 0.00003240090732210987,
  "Riot": 0.000032271990051402104,
  "RenderScript": 0.00003171908456404843,
  "Perl 6": 0.00003148453832128705,
  "ABAP": 0.00003027359453969908,
  "Imba": 0.0000296483675816524,
  "ASP.NET": 0.00002689532936111965,
  "Limbo": 0.000026168223095851418,
  "PEG.js": 0.00002547643362039625,
  "VHDL": 0.000020341831252849693,
  "Raku": 0.00001908074502106521,
  "GAP": 0.000014803411574650588,
  "SourcePawn": 0.000014731323889456686,
  "Marko": 0.0000143749661001951,
  "Nunjucks": 0.000012911203125483431,
  "Gnuplot": 0.000012419844895577606,
  "DTrace": 0.000012370664565672314,
  "Alloy": 0.000011057232052049487,
  "Nu": 0.00000976044387129328,
  "AspectJ": 0.000009596881917807098,
  "JetBrains MPS": 0.000009454806730997912,
  "Xonsh": 0.000008316455393418434,
  "YARA": 0.000007772240459877087,
  "Module Management System": 0.000007495620029799844,
  "Redcode": 0.000005890774005276953,
  "Boogie": 0.000005792633421956295,
  "Max": 0.000005545366440291331,
  "Elvish": 0.00000522581698531164,
  "Velocity Template Language": 0.000005187214406270223,