{
  "Go": 15.726733492318443,
  "TypeScript": 13.419560746724077,
  "Python": 12.967328519154586,
  "JavaScript": 7.882489759502863,
  "C#": 4.433652993712594,
  "PHP": 4.377688990750562,
  "Rust": 4.326359207252185,
  "Java": 3.793436368372093,
  "C++": 3.6793318322202624,
  "Shell": 3.5411111758456673,
  "HTML": 2.9486286206859718,
  "C": 2.868010137879962,
  "CSS": 2.081892954503262,
  "Kotlin": 1.5324860918204481,
  "SCSS": 1.428258446193566,
  "Dart": 1.377251059017752,
  "Lua": 1.3433955861833378,
  "Jupyter Notebook": 1.131003453004823,
  "Ruby": 0.9823374400711401,
  "Vue": 0.7825382013390072,
  "Dockerfile": 0.777440752717386,
  "Smarty": 0.6403772527337275,
  "Makefile": 0.5772011846395256,
  "MDX": 0.5174578363290374,
  "Swift": 0.43601484745571073,
  "HCL": 0.4130005655762915,
  "XML": 0.3604571235776392,
  "PLpgSQL": 0.3389088517174643,
  "Jinja": 0.31185390365428195,
  "WebAssembly": 0.2695168219075058,
  "Nix": 0.2497095683066456,
  "PowerShell": 0.24867405710779247,
  "Mustache": 0.243565655521816,
  "Markdown": 0.23071638478076645,
  "Clojure": 0.22500847788492837,
  "Move": 0.21009536412841312,
  "Vim Script": 0.19576046000126696,
  "Nim": 0.1765973083375344,
  "CMake": 0.16922126620189762,
  "Perl": 0.15992632792943834,
  "DM": 0.15051129172769517,
  "Zig": 0.1485409985164066,
  "Twig": 0.14409771386390804,
  "Adblock Filter List": 0.14030762551026912,
  "Objective-C": 0.1239612771771412,
  "Tcl": 0.11438801345555086,
  "Scala": 0.11389020398149717,
  "Cairo": 0.10544515876302737,
  "Svelte": 0.10525863697048123,
  "Blade": 0.07724264092726754,
  "Solidity": 0.07201338291293623,
  "Nushell": 0.06573897604284935,
  "Pascal": 0.053748706658860355,
  "Rich Text Format": 0.05281307803037519,
  "Emacs Lisp": 0.04645196711486995,
  "Cuda": 0.04638934666269301,
  "Batchfile": 0.0444253376976111,
  "Haskell": 0.038734219325204156,
  "MLIR": 0.038206625888752795,
  "Astro": 0.03733467633521953,
  "Starlark": 0.03602436514045714,
  "F#": 0.03546884070853524,
  "Erlang": 0.03479409533940094,
  "Macaulay2": 0.03425756983211065,
  "Prolog": 0.033653609717445916,
  "Fluent": 0.03143506656358561,
  "Lean": 0.03093546957599977,
  "Scheme": 0.030364279200142584,
  "Handlebars": 0.027729281848289496,
  "Liquid": 0.02757121271450727,
  "Crystal": 0.02736151234158208,
  "1C Enterprise": 0.025852641745017915,
  "Stylus": 0.025754058471282634,
  "M4": 0.021765663187547923,
  "TeX": 0.020717653233324366,
  "Inno Setup": 0.0204319846969169,
  "PLSQL": 0.018571552571521387,
  "Bicep": 0.018302776269760013,
  "Gherkin": 0.017321359805620384,
  "Assembly": 0.017028320053064667,
  "Less": 0.016784963593580594,
  "Objective-C++": 0.016105755124968837,
  "KakouneScript": 0.016063203921562335,
  "Mermaid": 0.015785963548682138,
  "Cython": 0.015350693386069236,
  "Roff": 0.014839662888236634,
  "CoffeeScript": 0.014177816959613164,
  "PostScript": 0.014162602786367579,
  "Jsonnet": 0.013825916876366796,
  "Yacc": 0.013150284799549411,
  "Sass": 0.013025671642447861,
  "Meson": 0.011111844564166239,
  "Groovy": 0.010490217635777694,
  "Mako": 0.010467310359394695,
  "TSQL": 0.009649611849583087,
  "Volt": 0.009307094633411681,
  "Haml": 0.00923617925056088,
  "IDL": 0.008882488312332081,
  "reStructuredText": 0.00734435535402386,
  "Slim": 0.006786846560677011,
  "NSIS": 0.006673968028155295,
  "GDScript": 0.00594543615544598,
  "Visual Basic .NET": 0.005847125317729353,
  "Just": 0.005455864007112343,
  "GLSL": 0.005015063922063013,
  "OCaml": 0.004895155974157244,
  "Elixir": 0.004623217368765106,
  "GSC": 0.004607888120940205,
  "q": 0.004466793865584285,
  "ASL": 0.004017554969528331,
  "Hack": 0.0037114112343692167,
  "QML": 0.0035799766348010645,
  "R": 0.003417564634951975,
  "SWIG": 0.003259709247153561,
  "OpenSCAD": 0.0028935627639965025,
  "VCL": 0.0028405148754480046,
  "ANTLR": 0.0026453083197115605,
  "SystemVerilog": 0.0025070790132890102,
  "Cap'n Proto": 0.002275980461458823,
  "sed": 0.002271815316113223,
  "CUE": 0.0020875455541873294,
  "Ragel": 0.0018761596034308468,
  "RobotFramework": 0.0017566905740552413,
  "XSLT": 0.0017084474166943454,
  "AppleScript": 0.0015812202573409395,
  "Vala": 0.0015446097283194082,
  "FreeMarker": 0.0015251183853625693,
  "HiveQL": 0.0014317682928731942,
  "HLSL": 0.001375476895784746,
  "DIGITAL Command Language": 0.0013298872511325437,
  "EJS": 0.0013189455522743768,
  "Metal": 0.0011597059224273138,
  "Typst": 0.0011350986045858052,
  "NASL": 0.0010961618268344791,
  "POV-Ray SDL": 0.0010348267713893614,
  "WGSL": 0.0009463007035250614,
  "Pug": 0.0008685641448043389,
  "SMT": 0.0008402101148624341,
  "Smithy": 0.000813163966527615,
  "LLVM": 0.000719675031445659,
  "VBScript": 0.0007195114540609966,
  "Thrift": 0.0006612102224715072,
  "Lex": 0.0006582711431944635,
  "E": 0.0006536307934058958,
  "COBOL": 0.0006446567150867202,
  "GAP": 0.000580548653146232,
  "Mathematica": 0.0005675104031712384,
  "LilyPond": 0.0005672809662032336,
  "Fortran": 0.0005345863912783334,
  "SmPL": 0.0005008391497086312,
  "Open Policy Agent": 0.0004953767192872527,
  "Verilog": 0.0004661079856391058,
  "Game Maker Language": 0.0004552962942729385,
  "Sage": 0.00044513547267371656,
  "jq": 0.000427850744436905,
  "Puppet": 0.000404420156333758,
  "ActionScript": 0.0003978452943674074,
  "D": 0.00036330671299815,
  "Gleam": 0.0003306569153515188,
  "Euphoria": 0.0003214424159784004,
  "Dafny": 0.00030899556928652656,
  "Smali": 0.00029957120534541797,
  "EmberScript": 0.0002993370213055598,
  "MATLAB": 0.00029133625825313654,
  "Common Lisp": 0.0002754034932556263,
  "Boogie": 0.00027020616199009776,
  "ASP.NET": 0.00026720264885929607,
  "Visual Basic 6.0": 0.0002633040831997855,
  "AIDL": 0.00025485473740934067,
  "Turing": 0.00025186225634291125,
  "Ant Build System": 0.00024801972605760655,
  "QMake": 0.00023743019971119347,
  "Scilab": 0.00023463763047046348,
  "Smalltalk": 0.00022426488708011063,
  "Xonsh": 0.0001938791443952918,
  "Vyper": 0.00019284616935473262,
  "GDB": 0.00015842952720532724,
  "XS": 0.00014485620403527274,
  "Awk": 0.0001189866496387425,
  "V": 0.00011683452544544628,
  "Pawn": 0.00011282253531977166,
  "Xtend": 0.00010949505510112609,
  "Julia": 0.00010670247456151156,
  "MoonScript": 0.00010266510994618124,
  "Standard ML": 0.00009920335141363686,
  "PureBasic": 0.00007977728122767744,
  "D2": 0.00007105624236671305,
  "kvlang": 0.00006440651149557748,
  "Nunjucks": 0.00006307233578903896,
  "M": 0.00006204689559666017,
  "Logos": 0.00006122446339547062,
  "Dhall": 0.00005620430368526709,
  "Procfile": 0.00005182261968531015,
  "ZenScript": 0.00004962895211500367,
  "OpenEdge ABL": 0.00004354804968522649,
  "SourcePawn": 0.00003942712042102294,
  "Marko": 0.00003889474323916837,
  "Io": 0.000037975732321489475,
  "Motoko": 0.000034455068155843004,
  "Harbour": 0.00003208446103870549,
  "Raku": 0.000031431152275213765,
  "Ada": 0.000024730291893175356,
  "Eiffel": 0.00002404650213423068,
  "VHDL": 0.000022250465904924414,
  "SuperCollider": 0.000020311436992711357,
  "DTrace": 0.000020270231073393425,
  "CWeb": 0.000020021261086339706,
  "Hy": 0.000019004575560491367,
  "Reason": 0.000017166213945474656,
  "Qt Script": 0.000014299252297253718,
  "RPC": 0.000011306878338961486,
  "Imba": 0.000009030940576751523,
  "Elvish": 0.000008862901958343033,
  "Racket": 0.000008775024219372538,
  "CodeQL": 0.00000849688446626031,
  "ShaderLab": 0.000007523884466735291,
  "Bikeshed": 0.000005894632679707604,
  "RenderScript": 0.0000053254804847042164,
  "Nearley": 0.000005203317109625632,
  "AMPL": 0.0000051901152536809025,
  "Riot": 0.0000051441621898646315,
  "G-code": 0.000004984949153054614,
  "BitBake": 0.000004481546149618204,
  "Max": 0.000004327034510800617,
  "Clarion": 0.000004083749916069399,
  "Module Management System": 0.0000038362088823518275,
  "AspectJ": 0.0000037607600067617202,
  "Slash": 0.000003478351130727272,
  "StringTemplate": 0.000003443941858387353,