{
  "Go": 15.596708795421307,
  "TypeScript": 13.299300904692238,
  "Python": 12.07463201851284,
  "JavaScript": 8.25801643641524,
  "Rust": 5.384267189710023,
  "C#": 4.639793764256072,
  "PHP": 4.091470043650417,
  "Shell": 3.958818132922666,
  "Java": 3.6955905512452007,
  "C++": 3.2409344940206037,
  "HTML": 3.0084743771880444,
  "C": 2.5122207769446807,
  "CSS": 1.9039735201539725,
  "SCSS": 1.6958222464879558,
  "Kotlin": 1.515839702447817,
  "Dart": 1.252816486196579,
  "Ruby": 1.1155387344984078,
  "Jupyter Notebook": 1.051588067572291,
  "HCL": 0.8854515350798509,
  "Vue": 0.8100422909050022,
  "Dockerfile": 0.7738283468291496,
  "Lua": 0.7191379311615642,
  "MDX": 0.6238500236832373,
  "Smarty": 0.5882805203302715,
  "Makefile": 0.5529706876744226,
  "XML": 0.5014420138717455,
  "Swift": 0.43273474638640347,
  "Objective-C": 0.3334500121770207,
  "Nim": 0.27152787964903985,
  "WebAssembly": 0.26696466805501506,
  "Mustache": 0.26610085613842516,
  "Move": 0.26252652406674154,
  "Jinja": 0.2506256235201177,
  "Cairo": 0.23426555030817248,
  "PLpgSQL": 0.21480275006887126,
  "PowerShell": 0.20846241369047758,
  "Nix": 0.20845791420316118,
  "Clojure": 0.19489717069902632,
  "Markdown": 0.18426715748598818,
  "DM": 0.18324754028223578,
  "Svelte": 0.16972355894602698,
  "Zig": 0.15462944437563114,
  "CMake": 0.1504478617780271,
  "Perl": 0.14947236742874537,
  "Vim Script": 0.12958257724769837,
  "Tcl": 0.11395813877909211,
  "Blade": 0.11351380915003752,
  "Adblock Filter List": 0.1113334465592655,
  "Batchfile": 0.10151178109178353,
  "Twig": 0.09574310709785792,
  "Rich Text Format": 0.09561483985138153,
  "Solidity": 0.06900570212796918,
  "PLSQL": 0.06896607919725266,
  "Nushell": 0.06492265717904555,
  "Cuda": 0.05416207934874856,
  "MLIR": 0.04955738502992487,
  "Emacs Lisp": 0.04569687407338812,
  "TeX": 0.04518568838960407,
  "YAML": 0.043797903957453505,
  "Astro": 0.0428353002881366,
  "Scala": 0.0414791642202251,
  "Haskell": 0.03889866124154368,
  "Red": 0.03756180831744779,
  "Gherkin": 0.0374647800904784,
  "TSQL": 0.03745574281670645,
  "Erlang": 0.03544459150713621,
  "Prolog": 0.03417319184866143,
  "Fluent": 0.030482877263316967,
  "Pascal": 0.030072984978812604,
  "Starlark": 0.029694666891256917,
  "Haxe": 0.02627159372130321,
  "Stylus": 0.02308715545086996,
  "Less": 0.022714157687648055,
  "Roff": 0.0207656942518796,
  "Objective-C++": 0.020607827431434318,
  "1C Enterprise": 0.02002533001347862,
  "Jsonnet": 0.02002378309086813,
  "M4": 0.018632723105538273,
  "Crystal": 0.01838569860682502,
  "Handlebars": 0.017720081967923462,
  "Meson": 0.015831067053553534,
  "Volt": 0.015018854359446701,
  "KakouneScript": 0.014298481628485052,
  "Groovy": 0.013816009105951719,
  "Haml": 0.013513662118858578,
  "Antlers": 0.012240474017513844,
  "Sass": 0.011969740819260884,
  "Assembly": 0.011401382725774257,
  "Mako": 0.010546195754978442,
  "Mermaid": 0.009931505844592597,
  "ANTLR": 0.009216334918849852,
  "Verilog": 0.009100956425413165,
  "IDL": 0.00902732025065173,
  "Yacc": 0.007761164630601389,
  "Yul": 0.0077596648554478925,
  "Inno Setup": 0.007663652503983478,
  "Visual Basic .NET": 0.007497027606208318,
  "Hack": 0.006895340215365096,
  "GSC": 0.006326371323807635,
  "Rebol": 0.006075086393022965,
  "CoffeeScript": 0.005577298431742057,
  "OCaml": 0.005352205117262172,
  "Just": 0.005327638927496825,
  "Elixir": 0.004032036562574531,
  "q": 0.004031481152933612,
  "GLSL": 0.003985215515285112,
  "QML": 0.0036836694655251255,
  "SWIG": 0.003271896532775486,
  "PostScript": 0.0032033132314048603,
  "Typst": 0.0031497170882884874,
  "VCL": 0.0030182282929212775,
  "Scheme": 0.002922884289610083,
  "NSIS": 0.0028508852295682447,
  "RobotFramework": 0.002802717163970697,
  "SystemVerilog": 0.0026660061180862164,
  "Liquid": 0.0025908730511478646,
  "CUE": 0.0021488969969041733,
  "R": 0.0020880105220733533,
  "FreeMarker": 0.002049517027697879,
  "AppleScript": 0.0018477103557240518,
  "CodeQL": 0.0016809077408973783,
  "XSLT": 0.0015346635690749047,
  "DIGITAL Command Language": 0.0014780586730562114,
  "Bikeshed": 0.0014208028914385106,
  "Metal": 0.0013678703120969804,
  "HiveQL": 0.0013563481582018497,
  "MATLAB": 0.001345154317472989,
  "WGSL": 0.0013283356329456466,
  "Thrift": 0.001251880078363341,
  "Vala": 0.0012485473204873587,
  "sed": 0.0010480438736171205,
  "NASL": 0.001037690885298833,
  "POV-Ray SDL": 0.0009596744136942701,
  "EJS": 0.0008908059555165157,
  "Smithy": 0.0008753844181511325,
  "SMT": 0.0008548630593797797,
  "Fortran": 0.000815172020100115,
  "Bicep": 0.0007701122277345363,
  "Processing": 0.0007350422038426527,
  "GDScript": 0.0006837646135359794,
  "COBOL": 0.0006548541346353462,
  "GAP": 0.0005895010346194694,
  "Sage": 0.0005279014156522898,
  "Cap'n Proto": 0.0005218498812303322,
  "Mathematica": 0.00048674456270702534,
  "Open Policy Agent": 0.0004739310677851328,
  "Puppet": 0.00042599958764009065,
  "Pug": 0.00040643422418784895,
  "ActionScript": 0.0004033343709793699,
  "SmPL": 0.0003805159880158441,
  "Ant Build System": 0.0003494287784814253,
  "ASP.NET": 0.00034688205375761947,
  "Lex": 0.0003425312024774948,
  "Ragel": 0.00029300492119948776,
  "Boogie": 0.0002771610233524474,
  "HLSL": 0.0002632766274839369,
  "Turing": 0.0002632638642052623,
  "Visual Basic 6.0": 0.00025997381513962104,
  "jq": 0.00025842191406296567,
  "AIDL": 0.0002548981470998948,
  "Scilab": 0.00025415128853327717,
  "Common Lisp": 0.0002317746082065548,
  "VBScript": 0.00022980517352313667,
  "EmberScript": 0.00019287471427340992,
  "Game Maker Language": 0.00018505170453945918,
  "D": 0.0001693647952630785,
  "Xtend": 0.00013795132620000633,
  "GDB": 0.00011563321977690433,
  "Awk": 0.00010712887599689745,
  "MoonScript": 0.00010549016898008183,
  "Slim": 0.00010413244449922695,
  "OpenEdge ABL": 0.00009639801985434684,
  "Cython": 0.00009561685368291453,
  "PureBasic": 0.00008040680338038558,
  "XS": 0.00007292472714732619,
  "D2": 0.00007221483812837524,
  "F#": 0.00006446888317649681,
  "RenderScript": 0.00006442158967079148,
  "Logos": 0.00006259658948306607,
  "SourcePawn": 0.00005181284799108496,
  "ZenScript": 0.000050241047309937044,
  "QMake": 0.00004644269760516195,
  "Xonsh": 0.000042122125928332656,
  "Marko": 0.000039284101548275965,
  "Procfile": 0.00003881660992243114,
  "Io": 0.00003856277692833349,
  "Motoko": 0.00003365639549100618,
  "SQLPL": 0.0000327053231173857,
  "Harbour": 0.00003097972040046177,
  "Ada": 0.000027707828985384147,
  "Pawn": 0.000024228606583089448,
  "VHDL": 0.000023077853088465008,
  "DTrace": 0.000022735116354438774,
  "Raku": 0.000021393386160310746,
  "Nasal": 0.000020692503855626215,
  "Earthly": 0.000018939773767642017,
  "UnrealScript": 0.00001627471406507646,
  "OpenSCAD": 0.000014278446277559395,
  "Qt Script": 0.000013961203975103371,
  "Imba": 0.00001331584260349387,
  "AspectJ": 0.000012893920324802478,
  "Elvish": 0.000012686639871113489,
  "LLVM": 0.000012683579730195006,
  "RPC": 0.000012554324728411414,
  "Julia": 0.000011836385833520217,
  "Module Management System": 0.000011524157556680329,
  "ShaderLab": 0.000011323739744675122,
  "Alloy": 0.00000937870354348705,
  "Racket": 0.000008885761767661448,
  "Grammatical Framework": 0.000008822123310728408,
  "ASL": 0.00000766926713082142,
  "Max": 0.000006589177239531365,
  "Coq": 0.000006095387925307977,
  "G-code": 0.000005538727337540979,
  "Riot": 0.000005195658153720332,
  "Nearley": 0.000005003835473062417,
  "AMPL": 0.000004867821884906827,
  "PEG.js": 0.0000048021627523174035,
  "SAS": 0.000004606410874938936,
  "BitBake": 0.000004432421275947814,
  "Velocity Template Language": 0.000004399776173992506,
  "Smalltalk": 0.000004393013827835364,
  "XC": 0.000004210980706272473,
  "Gnuplot": 0.0000035409046227063983,
  "M": 0.0000033963510401539847,
  "Clarion": 0.000002968413821581004,
  "Modula-3": 0.0000023725619970460054,
  "Cypher": 0.0000022932666882171496,