{
  "TypeScript": 14.227028937293342,
  "Python": 13.543150738471407,
  "Go": 12.518137248554229,
  "JavaScript": 8.567911699194331,
  "C#": 4.813950312565287,
  "C++": 4.428105004826207,
  "Rust": 3.9886143136850447,
  "C": 3.859974411598382,
  "Shell": 3.839984354403402,
  "HTML": 2.958080986683285,
  "Java": 2.7972852091586793,
  "PHP": 2.4423792397507635,
  "Kotlin": 2.0783000347244354,
  "Ruby": 1.8733444547056646,
  "Dart": 1.7071830195118154,
  "SCSS": 1.3507808483764845,
  "CSS": 1.3215541175981904,
  "Vue": 1.1745618423772592,
  "Jupyter Notebook": 1.154097304377787,
  "Dockerfile": 0.9312011704319334,
  "Makefile": 0.7251032230459057,
  "CMake": 0.7082064570966352,
  "MDX": 0.6633483356933713,
  "HCL": 0.6610911086095284,
  "Lua": 0.5708455038775894,
  "PowerShell": 0.40299040016077226,
  "Smarty": 0.39969303026078085,
  "Nix": 0.3566952017408598,
  "Markdown": 0.3318871366070961,
  "Clojure": 0.3245329889617013,
  "Swift": 0.3241829552429783,
  "WebAssembly": 0.3147591859746235,
  "Mustache": 0.29367567264233346,
  "Svelte": 0.28893135566590106,
  "Jinja": 0.20462977496341406,
  "Solidity": 0.20221241731477416,
  "D": 0.20172341595262822,
  "Batchfile": 0.2008633616783338,
  "DM": 0.18955093678923057,
  "PLpgSQL": 0.17293893115763256,
  "Objective-C": 0.16877456564948878,
  "Nim": 0.15953400251398095,
  "Zig": 0.15065350647005984,
  "Sway": 0.13782033035055505,
  "XML": 0.1249562500459602,
  "Tcl": 0.11717701913210256,
  "Perl": 0.10993321530619816,
  "Roff": 0.10464433652074324,
  "Adblock Filter List": 0.10449860837820064,
  "Blade": 0.10092607727923952,
  "Vim Script": 0.10070224948282777,
  "Cairo": 0.09643163794927861,
  "Fluent": 0.09571878054652314,
  "Cuda": 0.08946424900706432,
  "Scala": 0.06861964173901448,
  "Haxe": 0.06547381226179552,
  "Crystal": 0.06235379830694124,
  "Handlebars": 0.05577856776223083,
  "MLIR": 0.05311596776984219,
  "TeX": 0.051509241910221236,
  "Gherkin": 0.047486478895115994,
  "DIGITAL Command Language": 0.04539914218550709,
  "Meson": 0.04445179081577963,
  "V": 0.04142160510261839,
  "1C Enterprise": 0.039635635553896126,
  "Astro": 0.03845920153559007,
  "LLVM": 0.036187842381957804,
  "Twig": 0.03501096417893943,
  "BitBake": 0.03302745099512911,
  "Assembly": 0.030255169020497272,
  "OCaml": 0.02855419161296645,
  "Inno Setup": 0.028404595432189192,
  "PLSQL": 0.02690525896921046,
  "EJS": 0.02531183631372151,
  "MATLAB": 0.02261744281535157,
  "Nushell": 0.02013186184202254,
  "Objective-C++": 0.01903877734572945,
  "M4": 0.017192949440801387,
  "TSQL": 0.015673027848307403,
  "Just": 0.015084094336112954,
  "Scheme": 0.014904158203617342,
  "Stylus": 0.014453949357009778,
  "MoonScript": 0.014246126153228506,
  "GSC": 0.012880514053399857,
  "Starlark": 0.012196196925483441,
  "Less": 0.011322067117111083,
  "QML": 0.010495124399398974,
  "Visual Basic .NET": 0.007886122783694157,
  "Elixir": 0.007593983369417604,
  "Groovy": 0.007556038846883976,
  "GLSL": 0.006691290230754792,
  "ActionScript": 0.006387825223461306,
  "NSIS": 0.006038195279350226,
  "R": 0.005894882427063265,
  "Cython": 0.005684867543904274,
  "Yacc": 0.005596257064570027,
  "Jsonnet": 0.005310646720598836,
  "Lean": 0.005297019645195332,
  "Mako": 0.005210491575366909,
  "q": 0.004775183865694607,
  "Typst": 0.004744765661653407,
  "Volt": 0.004129202760456583,
  "Rich Text Format": 0.0041105276485142025,
  "NASL": 0.0036354909007902123,
  "jq": 0.003532393588430768,
  "WGSL": 0.0034908120809583904,
  "Liquid": 0.003394817076233947,
  "Bicep": 0.003323380787620522,
  "templ": 0.0029466134428395617,
  "Emacs Lisp": 0.0027850595583928267,
  "Earthly": 0.002719738732965214,
  "Mermaid": 0.002680604850610694,
  "Cap'n Proto": 0.0026364954273877875,
  "Metal": 0.0023209099235746294,
  "CUE": 0.0022909039859403337,
  "Move": 0.002038088548907298,
  "sed": 0.001962611612240368,
  "Zephir": 0.0016526796634588534,
  "ANTLR": 0.001598143410975431,
  "XSLT": 0.0014576971015692831,
  "Io": 0.0013668484575115147,
  "Sass": 0.0012364187533516868,
  "Hack": 0.0012183054939373442,
  "Fortran": 0.0011735792776209166,
  "Open Policy Agent": 0.0011479035805844746,
  "FreeMarker": 0.0010837821392299636,
  "Kit": 0.001041318701215336,
  "Sage": 0.0010317769200814467,
  "OpenEdge ABL": 0.0010110852021553262,
  "Vala": 0.0010044430089294469,
  "HLSL": 0.0009982574023279464,
  "Rez": 0.0009872873886189988,
  "HiveQL": 0.0009645967056707047,
  "Pug": 0.000886445725309293,
  "AIDL": 0.0008473139277209098,
  "ShaderLab": 0.0007242878101768534,
  "AppleScript": 0.0007161773511370737,
  "Brainfuck": 0.0006843648235144588,
  "XQuery": 0.0006281876558028436,
  "SmPL": 0.0005751902772209948,
  "Ren'Py": 0.0005746330554082265,
  "Julia": 0.0005497963292236492,
  "VCL": 0.000539790441044211,
  "Haskell": 0.0005087563179605274,
  "Lex": 0.0004891768338268291,
  "Pascal": 0.00046775588659430745,
  "SWIG": 0.0004193484334554519,
  "GDScript": 0.0003823816635335759,
  "RobotFramework": 0.00034460952303131087,
  "SAS": 0.0002840051800550857,
  "Qt Script": 0.0002719318266245712,
  "Kaitai Struct": 0.0002379723341878677,
  "Ada": 0.0002375237913760124,
  "QMake": 0.00022931494112894387,
  "Awk": 0.00021597093408898122,
  "Visual Basic 6.0": 0.0002075880525828321,
  "Thrift": 0.00019464035550748138,
  "Scilab": 0.00018459478189188964,
  "POV-Ray SDL": 0.00018312131146943535,
  "FIRRTL": 0.000181931834989952,
  "Brightscript": 0.0001696930986609078,
  "Smalltalk": 0.00016606260999134037,
  "Procfile": 0.00016180566758131705,
  "PureBasic": 0.0001615025294805385,
  "Elm": 0.00015416884388328667,
  "PostScript": 0.0001419088689816346,
  "UnrealScript": 0.00014034809403537646,
  "Smithy": 0.00013849525388228448,
  "Common Lisp": 0.0001384653999606123,
  "Standard ML": 0.00013742312650445493,
  "CoffeeScript": 0.000121550918171763,
  "VBScript": 0.0001177880270324192,
  "Circom": 0.00011003841912671919,
  "Visual Basic": 0.00010457549018760652,
  "E": 0.00010426220271542093,
  "EmberScript": 0.00010275880382644637,
  "Game Maker Language": 0.00010120601317225678,
  "D2": 0.00010073064435399207,
  "F#": 0.00009406323627973068,
  "Haml": 0.00008958171319356712,
  "Ant Build System": 0.00008644640816810354,
  "GDB": 0.0000838552693385206,
  "Pike": 0.00007906651294294218,
  "Apex": 0.00007601088870117695,
  "LOLCODE": 0.00007528467001931858,
  "RPGLE": 0.00007374603742023101,
  "Prolog": 0.00007128820227545527,
  "Erlang": 0.00007117266584668525,
  "Reason": 0.00007108517329995478,
  "SystemVerilog": 0.0000690144745809401,
  "Processing": 0.000053700456652316686,
  "Nemerle": 0.00005349810956356722,
  "Euphoria": 0.00005123533867682963,
  "Forth": 0.00004063220486130446,
  "xBase": 0.000040062566882655296,
  "Clean": 0.000040022036695559315,
  "Ragel": 0.0000394246453639586,
  "COBOL": 0.00003377355386605927,
  "Slim": 0.00003302390590674439,
  "Verilog": 0.000032395614520981455,
  "PureScript": 0.000032198841532651356,
  "Riot": 0.000032068059992234926,
  "RenderScript": 0.00003170391025041491,
  "Perl 6": 0.00003146947621386307,
  "ABAP": 0.000030259111744099108,
  "Imba": 0.000029461016465545007,
  "ASP.NET": 0.000026882462717311618,
  "Limbo": 0.000026155704297470377,
  "PEG.js": 0.000025464245771997323,
  "VHDL": 0.000020332099782614867,
  "Raku": 0.000019066622651079588,
  "GAP": 0.000014796329667553734,
  "SourcePawn": 0.000014724276468889291,
  "Marko": 0.000014284129195415765,
  "Nunjucks": 0.00001290502644515659,
  "Gnuplot": 0.000012413903279534288,
  "DTrace": 0.000012364746477349318,
  "Alloy": 0.000011051942305848344,
  "Nu": 0.000009755774504615741,
  "AspectJ": 0.0000095922907986709,
  "JetBrains MPS": 0.000009450283580199192,
  "Xonsh": 0.000008312476826439174,
  "YARA": 0.000007768522243667688,
  "Module Management System": 0.000007492034147963305,
  "Redcode": 0.000005887955876900021,
  "Boogie": 0.000005789862243736088,
  "Max": 0.000005542713553843492,
  "Elvish": 0.0000052233169703516745,
  "Velocity Template Language": 0.000005184732858666725,