{
  "Go": 15.562486735804676,
  "TypeScript": 13.299335546273063,
  "Python": 12.0786316347606,
  "JavaScript": 8.320878285212686,
  "Rust": 5.385751668895077,
  "C#": 4.64155610424926,
  "PHP": 4.089583693092045,
  "Shell": 3.949234095147565,
  "Java": 3.6919011588944866,
  "C++": 3.2373516617615485,
  "HTML": 2.991549026403415,
  "C": 2.510397978583152,
  "CSS": 1.8906645240429447,
  "SCSS": 1.6975470434291706,
  "Kotlin": 1.5170500547357564,
  "Dart": 1.2531127698786515,
  "Ruby": 1.1150406968413442,
  "Jupyter Notebook": 1.0614630806879224,
  "HCL": 0.8823955327365549,
  "Vue": 0.8096797650078376,
  "Dockerfile": 0.7748098806891357,
  "Lua": 0.7181501859456423,
  "MDX": 0.6319457368822663,
  "Smarty": 0.5877349695743896,
  "Makefile": 0.5494814708699013,
  "XML": 0.5011960267640254,
  "Swift": 0.43379925580583295,
  "Objective-C": 0.3331026939742359,
  "Nim": 0.2714029881065737,
  "WebAssembly": 0.2668379945558783,
  "Mustache": 0.2658695180100831,
  "Move": 0.2563655818151249,
  "Jinja": 0.24645542304802498,
  "Cairo": 0.2354912714880434,
  "PLpgSQL": 0.21448542453641625,
  "Nix": 0.20841262070568425,
  "PowerShell": 0.19998116539081603,
  "Clojure": 0.19250457749132033,
  "Markdown": 0.1841451515039115,
  "DM": 0.18320482915625702,
  "Svelte": 0.1696210268100985,
  "Zig": 0.1547260159036863,
  "Perl": 0.14935447256666645,
  "CMake": 0.14913765588229722,
  "Vim Script": 0.12952152697735075,
  "Batchfile": 0.12450811345372222,
  "Tcl": 0.11394135964766855,
  "Blade": 0.11358691769294163,
  "Adblock Filter List": 0.11128110948074993,
  "Rich Text Format": 0.09556772221986122,
  "Twig": 0.09552486257987126,
  "PLSQL": 0.06893317370305548,
  "Solidity": 0.0686683273984259,
  "Nushell": 0.06487166828966041,
  "Cuda": 0.05446058200522094,
  "MLIR": 0.04935207052555449,
  "Emacs Lisp": 0.04571589662867534,
  "TeX": 0.0450233248298314,
  "YAML": 0.04377736085053154,
  "Astro": 0.0436379090043384,
  "Scala": 0.04144675323094335,
  "Haskell": 0.038879228384763556,
  "Red": 0.0375451581569516,
  "TSQL": 0.03743060890263884,
  "Gherkin": 0.03737227841677936,
  "Erlang": 0.03541910365902158,
  "Prolog": 0.034156714892424896,
  "Fluent": 0.0300991350442977,
  "Pascal": 0.030058852331638315,
  "Starlark": 0.029641942430157605,
  "Haxe": 0.026246186784118653,
  "Stylus": 0.023057184185230253,
  "Less": 0.022718227244819318,
  "Roff": 0.020751139801947285,
  "Objective-C++": 0.020744505556291915,
  "1C Enterprise": 0.02001600251062356,
  "Jsonnet": 0.020011355081986197,
  "M4": 0.01860974685922766,
  "Crystal": 0.01837441782323916,
  "Handlebars": 0.017859013403643032,
  "Meson": 0.015825833605361248,
  "Volt": 0.015039624653486247,
  "KakouneScript": 0.014291774977207758,
  "Groovy": 0.013873235472655135,
  "Haml": 0.013507323628183666,
  "Antlers": 0.012234732706999039,
  "Sass": 0.01197503714429564,
  "Assembly": 0.011389786954929594,
  "Mako": 0.010540739916436715,
  "Mermaid": 0.009930229212084855,
  "ANTLR": 0.009211905008161318,
  "Verilog": 0.009096404500610424,
  "IDL": 0.009023086047907506,
  "Yul": 0.0077540874117605655,
  "Yacc": 0.007739690533283347,
  "Inno Setup": 0.007663580845729037,
  "Visual Basic .NET": 0.007502053386026835,
  "Hack": 0.006881145045746755,
  "GSC": 0.006344246673082777,
  "Rebol": 0.006071293958927762,
  "CoffeeScript": 0.005574640157691469,
  "Just": 0.005473957420772508,
  "OCaml": 0.005349582242287843,
  "q": 0.00459744164776863,
  "Elixir": 0.004037533720309997,
  "GLSL": 0.003954596646357427,
  "QML": 0.0036806751627314316,
  "SWIG": 0.0032590612577127593,
  "Typst": 0.003253169280904735,
  "PostScript": 0.003192906416130453,
  "VCL": 0.0030165234857896196,
  "Scheme": 0.002905720012231545,
  "NSIS": 0.002841277897377494,
  "RobotFramework": 0.0028016416961268585,
  "SystemVerilog": 0.0026541037722870434,
  "Liquid": 0.0025889321122253696,
  "CUE": 0.0021473093152536843,
  "R": 0.002103969113070455,
  "FreeMarker": 0.0020546028754795127,
  "AppleScript": 0.0018415954454826717,
  "CodeQL": 0.0016822846876073702,
  "XSLT": 0.0015532317870912947,
  "DIGITAL Command Language": 0.0014734038590655464,
  "Bikeshed": 0.001420136462277898,
  "Metal": 0.0013641888524853732,
  "HiveQL": 0.0013541875021935382,
  "MATLAB": 0.001343581990246491,
  "WGSL": 0.0013148640578750804,
  "Thrift": 0.0012502019099711193,
  "Vala": 0.001247806149532223,
  "Bicep": 0.0012118649898289118,
  "sed": 0.0010469253632067485,
  "NASL": 0.001036933208263522,
  "POV-Ray SDL": 0.0009592242849824042,
  "EJS": 0.000873768191201811,
  "Smithy": 0.0008709808798793016,
  "SMT": 0.0008544621531085595,
  "Fortran": 0.0008147241181542448,
  "Processing": 0.0007346974373305302,
  "GDScript": 0.0006833401920973036,
  "COBOL": 0.0006545340664886001,
  "GAP": 0.0005894942530185946,
  "Sage": 0.0005253437061892948,
  "Cap'n Proto": 0.0005250848858203093,
  "Mathematica": 0.0004865157939679799,
  "Open Policy Agent": 0.00046943477374834016,
  "Puppet": 0.0004278649826740888,
  "Pug": 0.0004060805187254906,
  "ActionScript": 0.00040101294380563484,
  "SmPL": 0.00037755579395402184,
  "Ant Build System": 0.00034923992833312835,
  "ASP.NET": 0.0003466845305091512,
  "Lex": 0.0003423226985352405,
  "Ragel": 0.0002931023005471246,
  "Boogie": 0.0002766346257721615,
  "HLSL": 0.000272243571478192,
  "Turing": 0.0002631312151767114,
  "Visual Basic 6.0": 0.0002598385842584276,
  "jq": 0.00025649961354672334,
  "AIDL": 0.00025464891115164535,
  "Scilab": 0.00025357664633491244,
  "Common Lisp": 0.00023062850425753238,
  "VBScript": 0.00022969685452761682,
  "EmberScript": 0.00019285594441168473,
  "Game Maker Language": 0.00018495005788086942,
  "D": 0.0001692198665729077,
  "Xtend": 0.00013786833996558883,
  "GDB": 0.0001155017083094063,
  "Awk": 0.00010955191807328887,
  "MoonScript": 0.00010544116064409144,
  "Slim": 0.00010408360188923649,
  "OpenEdge ABL": 0.00009628495770260783,
  "Cython": 0.00009205494467842336,
  "PureBasic": 0.00008055990036781066,
  "XS": 0.00007288819380477595,
  "D2": 0.00007218096625308037,
  "F#": 0.00006437713851999407,
  "RenderScript": 0.00006407191025373287,
  "Logos": 0.00006137159424025106,
  "SourcePawn": 0.00005178468746255103,
  "ZenScript": 0.00005020347901831836,
  "QMake": 0.000046404069460311145,
  "Xonsh": 0.00004141523930627565,
  "Procfile": 0.00003868239541686793,
  "Io": 0.000038180742001610596,
  "Marko": 0.00003410203771776886,
  "Motoko": 0.000033640609189181064,
  "SQLPL": 0.0000326884964932963,
  "Harbour": 0.00003078652824769101,
  "Ada": 0.000027693829212010875,
  "Pawn": 0.000024214331131135026,
  "VHDL": 0.000023043899750007246,
  "DTrace": 0.00002269566626690841,
  "Raku": 0.000021375230746810847,
  "Nasal": 0.000020662824146654787,
  "Earthly": 0.00001884429065754405,
  "UnrealScript": 0.00001623468367369173,
  "OpenSCAD": 0.000014275253637629367,
  "Qt Script": 0.000013806315100282224,
  "Imba": 0.00001325430639998166,
  "AspectJ": 0.00001287595877871914,
  "LLVM": 0.000012652946948806427,
  "Elvish": 0.000012620352655932694,
  "RPC": 0.000012548012286538261,
  "Julia": 0.000011796715796851156,
  "Module Management System": 0.00001151623072892401,
  "ShaderLab": 0.000011317681937248819,
  "Alloy": 0.000009340875068463263,
  "Racket": 0.000008881593961954273,
  "Grammatical Framework": 0.000008809623944439037,
  "ASL": 0.000007682219281701809,
  "Max": 0.00000658544758418025,
  "Coq": 0.000006093647732217571,
  "G-code": 0.000005537581228161348,
  "PEG.js": 0.000005443618825255778,
  "Nearley": 0.000004939706144140436,
  "AMPL": 0.0000048433575741066505,
  "SAS": 0.000004604069083788577,
  "Riot": 0.000004510285925950621,
  "Smalltalk": 0.000004390911492638984,
  "Velocity Template Language": 0.0000043820299234221154,
  "BitBake": 0.000004300871539421904,
  "XC": 0.00000420900557460911,
  "Gnuplot": 0.0000035356187905179177,
  "M": 0.000003382507756818,
  "Clarion": 0.0000029669810655305344,
  "Modula-3": 0.000002370666850064086,
  "Cypher": 0.0000022921910471813964,
  "IGOR Pro": 0.0000022863490424617463,