{
  "TypeScript": 15.298030868886265,
  "Python": 13.920235179535293,
  "Go": 12.568403211387144,
  "JavaScript": 7.592977399665153,
  "Kotlin": 4.804695311520823,
  "Rust": 4.7473215360454155,
  "C#": 4.338615128649588,
  "C++": 3.854000561451023,
  "Shell": 3.304894191355326,
  "Java": 2.774307045855682,
  "C": 2.7191443612331896,
  "MDX": 2.3813334491393254,
  "HTML": 2.2644788362180623,
  "PHP": 2.1715994696577603,
  "Ruby": 2.0125716108743736,
  "Dart": 1.3562392000743433,
  "CSS": 1.0830528750851813,
  "Jupyter Notebook": 1.0337091159591323,
  "Vue": 1.0007257639561304,
  "SCSS": 0.8321587533450494,
  "Nim": 0.6719270107679026,
  "Makefile": 0.6600657380666252,
  "Dockerfile": 0.6055727533526474,
  "Lua": 0.5015041859854337,
  "CMake": 0.4997268221903936,
  "HCL": 0.4742104982522867,
  "Swift": 0.47039056293797543,
  "Smarty": 0.3744289985051889,
  "PowerShell": 0.36510153502541715,
  "Svelte": 0.33670001794545545,
  "Markdown": 0.28427538770071226,
  "Mustache": 0.2543541676673976,
  "Cairo": 0.25402832808117165,
  "Clojure": 0.22464485839500456,
  "Nix": 0.21501653676291416,
  "Jinja": 0.18861372964334883,
  "TeX": 0.1864697768313214,
  "Blade": 0.18515708399370348,
  "WebAssembly": 0.18361841207696072,
  "Objective-C": 0.181411951068342,
  "Solidity": 0.16118377700732567,
  "Batchfile": 0.15560296069939056,
  "D": 0.1331694303214024,
  "Sway": 0.1185004102668925,
  "V": 0.11330832170307625,
  "Roff": 0.09947507516922399,
  "Adblock Filter List": 0.08827910047277998,
  "Haxe": 0.0836605152661329,
  "Cuda": 0.08024323555605428,
  "Lean": 0.07984955152713455,
  "PLpgSQL": 0.07418288254532342,
  "XML": 0.0703285808858281,
  "Fluent": 0.061448921849141504,
  "MLIR": 0.0542399263783849,
  "ABAP": 0.05284243833660726,
  "Tcl": 0.05090591354245909,
  "Gherkin": 0.04977062667841507,
  "Groovy": 0.04839431635824797,
  "Haskell": 0.04474968506558922,
  "Scala": 0.04175639435638108,
  "Vim Script": 0.041717312370562136,
  "reStructuredText": 0.04096445377764329,
  "Zig": 0.040949131303998666,
  "PLSQL": 0.04089832767326217,
  "LLVM": 0.040790138832451396,
  "Perl": 0.03898441017314716,
  "YAML": 0.03791323480499428,
  "Bikeshed": 0.037178739149665886,
  "AutoHotkey": 0.03569193760581972,
  "F#": 0.03539315684152688,
  "Objective-C++": 0.03538626389145793,
  "OCaml": 0.0344423863590456,
  "Assembly": 0.031911898913722474,
  "Twig": 0.031043972178969162,
  "Jsonnet": 0.030706481881250337,
  "R": 0.025938308861605808,
  "Inno Setup": 0.024973990786778075,
  "Smali": 0.023161094410202997,
  "TSQL": 0.02199267323306661,
  "Gleam": 0.020979710310289376,
  "Astro": 0.020845836696567158,
  "Handlebars": 0.020703515880006396,
  "Less": 0.019440486296718604,
  "Verilog": 0.018943500973959294,
  "Luau": 0.018342206185750026,
  "Just": 0.018110923313401743,
  "1C Enterprise": 0.017916213658625255,
  "RobotFramework": 0.017366614747387113,
  "M4": 0.01506699673123497,
  "Starlark": 0.014665098711166507,
  "templ": 0.013241974915941318,
  "Move": 0.012464543404529725,
  "Stylus": 0.012391820804574852,
  "Nunjucks": 0.012207702663432905,
  "GLSL": 0.012031016869667469,
  "CodeQL": 0.011620891383645438,
  "XSLT": 0.01079083904870062,
  "PureScript": 0.010153997261611904,
  "QML": 0.009937426362092718,
  "GSC": 0.009123257085629883,
  "Rich Text Format": 0.00819228867626753,
  "API Blueprint": 0.008137333990727339,
  "Scheme": 0.007583929180127469,
  "Elixir": 0.007109952150689212,
  "SQL": 0.0065476079789988754,
  "Erlang": 0.006017242362737977,
  "Crystal": 0.005894072294805662,
  "Visual Basic .NET": 0.00557609995425364,
  "Metal": 0.0054296644114020486,
  "Mojo": 0.005324451150367971,
  "ReScript": 0.0051493545444479425,
  "JSON": 0.004791948710182177,
  "SystemVerilog": 0.0046593237672398384,
  "Kit": 0.004605891504880673,
  "Meson": 0.00439551546791518,
  "Open Policy Agent": 0.004379922482466412,
  "Julia": 0.0042424702071570605,
  "HLSL": 0.00422579572510518,
  "CoffeeScript": 0.003817382946022744,
  "VCL": 0.0037844095642030895,
  "Haml": 0.003756576602803952,
  "EJS": 0.003478227119952935,
  "Thrift": 0.0033793946162135016,
  "NSIS": 0.0032218200975687944,
  "Odin": 0.0030941740076508243,
  "Emacs Lisp": 0.0030801777432727323,
  "Yul": 0.002946234210379616,
  "WGSL": 0.0028807686297469574,
  "SWIG": 0.0027776619321987907,
  "Earthly": 0.002704529789566383,
  "q": 0.002687036004165596,
  "Typst": 0.002628726314102347,
  "Fortran": 0.0022369514907745877,
  "Lex": 0.002160257432807469,
  "CUE": 0.002011074155686877,
  "AMPL": 0.0018213634926978841,
  "Sass": 0.0017393075474977147,
  "Dafny": 0.0016663433678096994,
  "NASL": 0.0016551498380689444,
  "Circom": 0.0016513767269422993,
  "sed": 0.0015932824491655955,
  "ShaderLab": 0.0015695504464373043,
  "AppleScript": 0.0014953655949656772,
  "Pascal": 0.0013483310822141334,
  "XQuery": 0.0013387911005098376,
  "Mermaid": 0.0013110583934466493,
  "Mako": 0.0012811866177458394,
  "Cython": 0.0012437555245618888,
  "BitBake": 0.0012047700299265213,
  "Sage": 0.0011291174469349563,
  "Io": 0.0010632097931116357,
  "Dhall": 0.001052391839614808,
  "Raku": 0.0010126813865659703,
  "CartoCSS": 0.001006271733594946,
  "Pawn": 0.0009318179764742532,
  "Yacc": 0.0008868696558361435,
  "FreeMarker": 0.0008280539886035161,
  "Hack": 0.0008021881025134434,
  "Roc": 0.0006880247855424864,
  "Cap'n Proto": 0.000655618361417459,
  "Stan": 0.0006500559983499535,
  "Common Lisp": 0.0006261999536791993,
  "SmPL": 0.0005630338995915741,
  "VHDL": 0.0005529958292277761,
  "ActionScript": 0.0005432444936114232,
  "Awk": 0.0005383163285530095,
  "Racket": 0.0005136321638067975,
  "AIDL": 0.0005102666297576751,
  "Scilab": 0.0004981753458877842,
  "jq": 0.0004961815591831856,
  "Ballerina": 0.0004435079727509731,
  "Bicep": 0.0004013525342608768,
  "DTrace": 0.00037728548854996686,
  "WDL": 0.0003678101005482379,
  "GDScript": 0.00033270341050687296,
  "ANTLR": 0.0002952601478632135,
  "Procfile": 0.00027579366499448665,
  "Euphoria": 0.0002430482433453181,
  "Liquid": 0.00023864840847516005,
  "FIRRTL": 0.00021020587009724746,
  "MATLAB": 0.00018663693683846543,
  "UnrealScript": 0.00018494141078767795,
  "Qt Script": 0.00016110833852694498,
  "MQL5": 0.00014396998830167477,
  "Smalltalk": 0.00013451578043900203,
  "POV-Ray SDL": 0.000134069659668973,
  "PostScript": 0.00012966678689177956,
  "Game Maker Language": 0.0001294146438658233,
  "Ragel": 0.0001291361753562456,
  "VBScript": 0.00012322579144087754,
  "StringTemplate": 0.00012041272667338154,
  "WebIDL": 0.00009602274867250661,
  "GAP": 0.0000922251018494467,
  "PEG.js": 0.00008775085763354206,
  "Pyret": 0.00008480988551777714,
  "MoonScript": 0.00008179953814420416,
  "Pug": 0.00008170016846350989,
  "SMT": 0.0000806895751107503,
  "Smithy": 0.00008064321284401274,
  "Augeas": 0.00007990984900056829,
  "Ant Build System": 0.00007897175292534101,
  "QMake": 0.00007564351820134538,
  "GDB": 0.00007188442972642628,
  "Sieve": 0.00007076034233417601,
  "Nushell": 0.00006651172603070153,
  "Vala": 0.000060560886747934036,
  "Csound": 0.00005776714840453225,
  "Dune": 0.000055249443099262515,
  "Boogie": 0.00005364050061553975,
  "J": 0.000050612136425820466,
  "Elvish": 0.000046370584384514966,
  "RenderScript": 0.000043613187343186026,
  "KRL": 0.000040483127350487454,
  "M": 0.00003429796304264164,
  "Visual Basic 6.0": 0.0000322555263647868,
  "Apex": 0.000029163199976887458,
  "Puppet": 0.000020266935815419797,
  "OpenEdge ABL": 0.00001889710364830472,
  "SourcePawn": 0.00001852768459130211,
  "Prolog": 0.000017782478983577038,
  "Xonsh": 0.000013175833411331719,
  "RPC": 0.000011456438620572012,
  "AGS Script": 0.000011044791474410592,
  "EmberScript": 0.000009531192019402932,
  "ASP.NET": 0.000009083331158991943,
  "Nearley": 0.000008820706064659393,
  "Standard ML": 0.000008261705512425288,
  "Slim": 0.000007923746780394002,
  "AspectJ": 0.000007838001084130978,
  "E": 0.000007342847230976376,
  "YARA": 0.000007204215926002209,
  "JetBrains MPS": 0.0000064423242745652555,