{
  "Go": 14.890074570832091,
  "TypeScript": 13.700733290205866,
  "Python": 12.314884142950158,
  "JavaScript": 9.242812419477788,
  "Rust": 4.925467508026403,
  "C#": 4.623115158837086,
  "PHP": 3.8770338383560263,
  "Java": 3.6212621380182344,
  "HTML": 3.340960130199746,
  "Shell": 3.2675051147469873,
  "C++": 3.1963511767312256,
  "C": 2.3947581654850314,
  "CSS": 1.955338995402707,
  "SCSS": 1.8750567400625289,
  "Kotlin": 1.489149918780624,
  "Ruby": 1.1970517026498402,
  "Jupyter Notebook": 1.1925668838422934,
  "HCL": 1.0589573556955338,
  "Dart": 1.0200262865951308,
  "Lua": 0.8481427652365947,
  "Vue": 0.8002809124824104,
  "MDX": 0.6843114702071146,
  "Makefile": 0.6196281549321553,
  "Dockerfile": 0.5877842673703356,
  "XML": 0.5363626768368092,
  "Smarty": 0.5064456211975185,
  "Swift": 0.4258325010900977,
  "CMake": 0.3797748599353573,
  "Objective-C": 0.3195881348271062,
  "Nix": 0.2883153106033734,
  "Nim": 0.27192386925274026,
  "Mustache": 0.24650852198218287,
  "Batchfile": 0.2216469345943225,
  "WebAssembly": 0.21656818960260216,
  "Clojure": 0.21605294670464914,
  "PowerShell": 0.20628081249508454,
  "Move": 0.20515674494830838,
  "DM": 0.19939524863696198,
  "Cairo": 0.19874344979485195,
  "Jinja": 0.1953354544808775,
  "Svelte": 0.18450279448079443,
  "Vim Script": 0.18250202526709125,
  "Markdown": 0.16604296546520383,
  "PLpgSQL": 0.15007065263265132,
  "Solidity": 0.12948291585498514,
  "Blade": 0.1270639857006349,
  "Tcl": 0.11374945154385256,
  "Adblock Filter List": 0.10435108101227149,
  "Perl": 0.08417864070991975,
  "R": 0.08102466323237778,
  "TeX": 0.06830665552668974,
  "PLSQL": 0.06646204509624751,
  "Nushell": 0.06389595646245214,
  "Less": 0.050986728123742615,
  "Rich Text Format": 0.05093096841986499,
  "Fluent": 0.04774635620893221,
  "MLIR": 0.04489516635501871,
  "Gherkin": 0.04483560446244105,
  "Scheme": 0.04199375236035108,
  "TSQL": 0.04145815229992677,
  "Cuda": 0.04143054954392509,
  "Handlebars": 0.04032052236767432,
  "Twig": 0.03686080453558067,
  "Prolog": 0.0338352323237695,
  "Zig": 0.03281136159584981,
  "Red": 0.03231471067832456,
  "Haxe": 0.03149038214519397,
  "Stylus": 0.02813099250291915,
  "Roff": 0.026485246076915676,
  "Astro": 0.025411782341442892,
  "Assembly": 0.02278487529642376,
  "Jsonnet": 0.020875305914873382,
  "Inno Setup": 0.020189555028187128,
  "Groovy": 0.019046684424272216,
  "Starlark": 0.01881172656721472,
  "Objective-C++": 0.01847030678168148,
  "Crystal": 0.018148691833784165,
  "M4": 0.017325106041124107,
  "Volt": 0.01525173887911103,
  "Haml": 0.01334086939134932,
  "Antlers": 0.012172612111761164,
  "Mako": 0.010352770942754596,
  "Nunjucks": 0.010351485592805092,
  "Just": 0.010177871889942845,
  "Mermaid": 0.010105098124316664,
  "Visual Basic .NET": 0.009246250723229101,
  "JSON": 0.009142433865557421,
  "IDL": 0.008927475018747171,
  "ANTLR": 0.008926323827724333,
  "Elixir": 0.008654845390069648,
  "Verilog": 0.008518183699836309,
  "Emacs Lisp": 0.007983886564434658,
  "Sass": 0.007717210184240032,
  "Hack": 0.007340518334127506,
  "RobotFramework": 0.00721784219061065,
  "Pug": 0.006682992054187529,
  "MATLAB": 0.006310885916454309,
  "GSC": 0.006267769366100196,
  "Haskell": 0.006211263961489382,
  "QML": 0.006208744963435562,
  "Thrift": 0.005973107163311531,
  "Yacc": 0.0055980621507912155,
  "V": 0.005523017162840668,
  "OCaml": 0.005287316238355764,
  "Rebol": 0.005225321673536027,
  "BitBake": 0.005075624379758876,
  "CoffeeScript": 0.004645360174898337,
  "Slim": 0.004546008275970568,
  "HiveQL": 0.004387732757832627,
  "E": 0.00397853249936244,
  "Scala": 0.0035710726263173597,
  "Typst": 0.0035382137244414375,
  "GLSL": 0.0030340066021304,
  "NSIS": 0.002949128341529649,
  "q": 0.002909007213760813,
  "YAML": 0.0027930485849732194,
  "FreeMarker": 0.0027335221697547657,
  "Cython": 0.0026723436839895917,
  "Cap'n Proto": 0.002544107773517748,
  "LLVM": 0.002287393401032599,
  "Kit": 0.0022686148647148956,
  "WGSL": 0.0022557608688384915,
  "Open Policy Agent": 0.002014591219740293,
  "Meson": 0.0018874342332985035,
  "CodeQL": 0.001572023282596256,
  "DIGITAL Command Language": 0.0014492301303242118,
  "Metal": 0.001331948813442137,
  "VCL": 0.0013170148647833552,
  "POV-Ray SDL": 0.0011688517642310526,
  "XSLT": 0.0010507999558740137,
  "NASL": 0.001023791564000328,
  "YARA": 0.0008654370072011711,
  "Processing": 0.0008344853378929962,
  "Erlang": 0.0008239316917064869,
  "Fortran": 0.0008086273206534014,
  "1C Enterprise": 0.0008069061315741219,
  "Sage": 0.0008063580972738019,
  "sed": 0.0007760763791403824,
  "AppleScript": 0.000765419495377407,
  "EJS": 0.0006922982204675844,
  "GAP": 0.0006546570938732839,
  "SWIG": 0.0006542970701085643,
  "COBOL": 0.0006464397574849061,
  "Liquid": 0.0005649420307605314,
  "QMake": 0.0004904786352642113,
  "ShaderLab": 0.0004776512353865248,
  "Scilab": 0.0004378676860622369,
  "Gleam": 0.00042177642534449965,
  "PostScript": 0.0004098129486513235,
  "Puppet": 0.00040717746191491023,
  "Smali": 0.0003816072419783569,
  "Pascal": 0.00037491813585208627,
  "Ant Build System": 0.0003739594762175894,
  "Max": 0.00036400730865766503,
  "Lex": 0.00035447622925373427,
  "ASP.NET": 0.000345421607003299,
  "SmPL": 0.0003039893537659914,
  "Ragel": 0.00028703210172593497,
  "AIDL": 0.0002800031573178285,
  "GDScript": 0.0002783273241306398,
  "Mathematica": 0.000259679927080275,
  "Common Lisp": 0.00025918098767838653,
  "VBScript": 0.00023240259508594365,
  "HLSL": 0.00021762997781542672,
  "jq": 0.0002128143017787016,
  "Xonsh": 0.00020844916963921745,
  "SystemVerilog": 0.00018374872100189606,
  "Game Maker Language": 0.00018264682942381648,
  "Julia": 0.0001653543713588335,
  "D": 0.00016502186598767591,
  "Awk": 0.0001565672355525743,
  "MoonScript": 0.00011542258299767335,
  "Smithy": 0.00009354217006466212,
  "RenderScript": 0.00008965797442290865,
  "GDB": 0.00008930049190392498,
  "Qt Script": 0.00008581376583623177,
  "OpenEdge ABL": 0.00008302208507684889,
  "XS": 0.00007978296571712617,
  "Visual Basic 6.0": 0.00007446949620168247,
  "D2": 0.00006932867462876573,
  "SQLPL": 0.00006596031465246999,
  "Procfile": 0.00006312035737204245,
  "F#": 0.00006307908266974759,
  "Earthly": 0.00006303070137890004,
  "SourcePawn": 0.000051503722633179286,
  "ZenScript": 0.000049698309171782554,
  "Io": 0.00004641845005406704,
  "Asymptote": 0.000042890647819215105,
  "Smalltalk": 0.00004178771099158436,
  "AspectJ": 0.00004095465246720782,
  "Hy": 0.00003264683584078283,
  "Motoko": 0.00003236133557294937,
  "Boogie": 0.000031425408037486664,
  "LookML": 0.000031000369085904514,
  "Bicep": 0.00002838407566673309,
  "Ada": 0.000027357148436641084,
  "Turing": 0.000026792289133005597,
  "CUE": 0.00002645050897789012,
  "Raku": 0.000026104636901640568,
  "Module Management System": 0.000026049227345707446,
  "AMPL": 0.000024409772441886553,
  "Pawn": 0.00002248050306814224,
  "Marko": 0.00002233306408679774,
  "PEG.js": 0.00002226578779647305,
  "VHDL": 0.00002067422093972675,
  "DTrace": 0.000020403659761764075,
  "Nasal": 0.000020347524698676323,
  "CWeb": 0.00001890808840456514,
  "UnrealScript": 0.000015417416904568697,
  "RPC": 0.000012356037927512014,
  "Grammatical Framework": 0.000010829511846601039,
  "OpenSCAD": 0.000010618834467109685,
  "Alloy": 0.00000915375292662267,
  "Imba": 0.000008560569689371804,
  "Elvish": 0.000008161609399376144,
  "Gnuplot": 0.000007344516416187135,
  "EmberScript": 0.0000071106857484922,
  "PigLatin": 0.000006229793126441828,
  "Coq": 0.000006003711629320031,
  "NewLisp": 0.000005691304585845278,
  "PureBasic": 0.000005592847996844262,
  "SAS": 0.000005004012047759664,
  "Velocity Template Language": 0.000004294246410756508,
  "Modula-3": 0.000004257575778955855,
  "XC": 0.000004157113155235439,
  "G-code": 0.0000040754862138574075,
  "M": 0.000003578331351065018,
  "Riot": 0.0000029537385849981783,
  "Forth": 0.00000254465322017721,