{
  "TypeScript": 15.104146649193629,
  "Python": 13.596527601972372,
  "Go": 12.541267646843554,
  "JavaScript": 8.061258589229734,
  "C++": 4.707132170955402,
  "C#": 4.68695994640849,
  "Rust": 4.35341647294544,
  "C": 3.6253042772205473,
  "Shell": 3.3910465835942385,
  "Kotlin": 3.225533859328929,
  "Java": 2.7174107044354674,
  "PHP": 2.468037361177854,
  "HTML": 2.412897382395169,
  "Ruby": 2.0295058541512567,
  "Dart": 1.6668401397588783,
  "Vue": 1.246307993478619,
  "CSS": 1.215993974105384,
  "Jupyter Notebook": 1.170166334184618,
  "SCSS": 0.940633279292824,
  "Dockerfile": 0.8528883065680858,
  "MDX": 0.7407341867330359,
  "Swift": 0.6420178141091566,
  "Lua": 0.6410204966509692,
  "CMake": 0.5856744851401331,
  "HCL": 0.5662014822453301,
  "Makefile": 0.5660631815244876,
  "Smarty": 0.3583805135090293,
  "Svelte": 0.3179893289847064,
  "PowerShell": 0.3066744548236777,
  "Clojure": 0.29332114696330247,
  "Nix": 0.2928418561679654,
  "D": 0.26311024230653784,
  "Cairo": 0.23929352104341614,
  "WebAssembly": 0.23854987948324372,
  "Markdown": 0.2100021221224275,
  "Jinja": 0.20945378298165607,
  "Mustache": 0.20431671622093442,
  "Objective-C": 0.19908812684962385,
  "Blade": 0.1798010564903082,
  "Nim": 0.17527424894655105,
  "Solidity": 0.16955958716463285,
  "PLpgSQL": 0.14461027885086244,
  "V": 0.14184322818497042,
  "Zig": 0.13427864359965366,
  "Adblock Filter List": 0.11574319619882911,
  "Sway": 0.10912673224410996,
  "Tcl": 0.10746838065233394,
  "Cuda": 0.10129395383687283,
  "VCL": 0.10081165311935751,
  "Batchfile": 0.09487220737835227,
  "XML": 0.09014599176470285,
  "Roff": 0.08223233657988917,
  "Fluent": 0.07798411785116707,
  "Haxe": 0.07010632612585996,
  "DM": 0.06657101620935166,
  "Perl": 0.06314881594528261,
  "EJS": 0.06073666621259723,
  "Vim Script": 0.06051632409420733,
  "MLIR": 0.05801855186776701,
  "Gherkin": 0.051206102235552234,
  "Crystal": 0.04824553906875368,
  "Meson": 0.04285156363105731,
  "OCaml": 0.0411993940792044,
  "Scala": 0.040642406259039934,
  "Assembly": 0.04063335442843593,
  "LLVM": 0.03835096623716608,
  "Objective-C++": 0.03833864692596697,
  "TeX": 0.0365062603894555,
  "Twig": 0.03408332225284822,
  "1C Enterprise": 0.03400977148789274,
  "Astro": 0.031176093888440295,
  "Move": 0.0269821851721895,
  "Typst": 0.024605651744372927,
  "Jsonnet": 0.021833717987421897,
  "Inno Setup": 0.02118656570248154,
  "Just": 0.02100994142819764,
  "Luau": 0.02020165166947995,
  "Scheme": 0.019406974295433005,
  "M4": 0.0165827024428736,
  "Groovy": 0.01330692006770777,
  "Handlebars": 0.01298529671528137,
  "Less": 0.011872684964110217,
  "GSC": 0.011623205219661297,
  "QML": 0.010645863656849166,
  "API Blueprint": 0.009153838947792509,
  "PLSQL": 0.008556989996501884,
  "AppleScript": 0.008311241090179998,
  "YAML": 0.008171036655137636,
  "GLSL": 0.008148868140487412,
  "Metal": 0.007578495226501567,
  "Elixir": 0.007550364533820896,
  "Visual Basic .NET": 0.0074978913729925045,
  "Starlark": 0.007441739882022438,
  "Stylus": 0.0071702402479484496,
  "CoffeeScript": 0.006680744761654584,
  "ActionScript": 0.005975489819100888,
  "TSQL": 0.0059580714191758265,
  "R": 0.005432300220570334,
  "JSON": 0.0048544948406927125,
  "NSIS": 0.004769114518343806,
  "Cython": 0.004553052347317481,
  "q": 0.003980992859054295,
  "Volt": 0.003953652699842102,
  "Haml": 0.003872120818162219,
  "SystemVerilog": 0.0038321894024785736,
  "WGSL": 0.003635827767906205,
  "jq": 0.003153929940445603,
  "Sass": 0.0031160738405671394,
  "Yul": 0.0028441889481325327,
  "templ": 0.002821691626097234,
  "NASL": 0.002601455684788856,
  "Mermaid": 0.002581440101621316,
  "XSLT": 0.0025549636244653388,
  "Pug": 0.0024414439039217636,
  "Mako": 0.002199254541910177,
  "Cap'n Proto": 0.0019919522268890292,
  "F#": 0.0018697616666959284,
  "Rich Text Format": 0.0017569515112900202,
  "sed": 0.001728815998909817,
  "ANTLR": 0.0015266697948582554,
  "Kit": 0.001453543525776314,
  "Sage": 0.0013478376575065914,
  "Io": 0.0012158769208322274,
  "Fortran": 0.0012146511174763932,
  "CartoCSS": 0.0011180129524313292,
  "Hack": 0.0011088004486360093,
  "Earthly": 0.0010780015466456618,
  "SQL": 0.0010667083500725959,
  "FreeMarker": 0.0010437456512504037,
  "HLSL": 0.0009627353921315138,
  "Nunjucks": 0.0009394736307294702,
  "Bicep": 0.0009066731395822917,
  "Emacs Lisp": 0.0007774115085464665,
  "ShaderLab": 0.000692011004865221,
  "Liquid": 0.000690687385552669,
  "Lex": 0.0006770291173532569,
  "Yacc": 0.0006178602071243202,
  "Open Policy Agent": 0.0005976625044989228,
  "SWIG": 0.0005589579079053383,
  "Pascal": 0.000506222258201847,
  "SmPL": 0.0004438626603641512,
  "GDScript": 0.00043816362789592236,
  "Haskell": 0.0004304039368640604,
  "Brainfuck": 0.00042535567123685574,
  "BitBake": 0.0003777029270506231,
  "Circom": 0.00035869016452245544,
  "OpenEdge ABL": 0.00031229593728234427,
  "Qt Script": 0.0002876701834511568,
  "Awk": 0.00026624844182559257,
  "Nushell": 0.0002582543184707379,
  "POV-Ray SDL": 0.0002483597931526374,
  "Thrift": 0.0002463269081608966,
  "SAS": 0.0002395439258120442,
  "Ada": 0.0002271509409862562,
  "Kaitai Struct": 0.00022503644640672416,
  "Julia": 0.0002159098932537459,
  "FIRRTL": 0.0001987619219232541,
  "CUE": 0.0001890079741273749,
  "MATLAB": 0.0001813761875045059,
  "Scilab": 0.0001782786486741441,
  "QMake": 0.00017502284051848765,
  "Procfile": 0.00016291970509876575,
  "Brightscript": 0.00016240431674130495,
  "PureBasic": 0.00015113549643431043,
  "GDB": 0.0001390614088874776,
  "PostScript": 0.00013392995191825844,
  "AIDL": 0.00013373337243889217,
  "UnrealScript": 0.00012869389578867366,
  "Standard ML": 0.0001273734986584731,
  "Common Lisp": 0.00012736406137592668,
  "Smithy": 0.00010139559359386854,
  "E": 0.000100105743159981,
  "Visual Basic": 0.00010008368734984842,
  "Ant Build System": 0.00009753970866678449,
  "Game Maker Language": 0.00009684814905757091,
  "MoonScript": 0.00008965864642722338,
  "Sieve": 0.00008342267550441608,
  "Smalltalk": 0.00007996196183622045,
  "Pike": 0.00007566346091471499,
  "Elm": 0.0000750627655123863,
  "Apex": 0.00007274601349039908,
  "LOLCODE": 0.00007205098788380292,
  "RPGLE": 0.00007057804957060286,
  "Prolog": 0.0000696148998209381,
  "Xonsh": 0.00006066561946485303,
  "EmberScript": 0.00006002115691316353,
  "RenderScript": 0.0000565853370794082,
  "DIGITAL Command Language": 0.00005500107188595586,
  "D2": 0.00005364544167275295,
  "Nemerle": 0.00005120021968591782,
  "PEG.js": 0.00005028532653434394,
  "Euphoria": 0.00004870726332170942,
  "DTrace": 0.000047356088545736775,
  "Elvish": 0.00003948062306455745,
  "Forth": 0.00003888693608550883,
  "xBase": 0.00003834493881253314,
  "Clean": 0.0000383027670181065,
  "Ragel": 0.00003762672055385709,
  "Erlang": 0.00003481807215366761,
  "Processing": 0.00003410161494021915,
  "COBOL": 0.000032250924937436833,
  "Perl 6": 0.00003011777628583402,
  "ABAP": 0.0000289594002748404,
  "M": 0.00002498905811279212,
  "ASP.NET": 0.000023878320813808953,
  "GAP": 0.000019104571392620876,
  "Verilog": 0.00001860335102889379,
  "Vala": 0.000017208292663569166,
  "Visual Basic 6.0": 0.000015375679223025766,
  "HiveQL": 0.000014951107790598294,
  "SourcePawn": 0.00001392398877837209,
  "Gnuplot": 0.000013349394997007073,
  "Boogie": 0.00001244207659036126,
  "Pawn": 0.000012030825554602517,
  "Alloy": 0.000010700970361767473,
  "VHDL": 0.00001019199483812064,
  "YARA": 0.000008907133658013505,
  "JetBrains MPS": 0.00000837269194485142,
  "Module Management System": 0.000007092066028690092,
  "mupad": 0.00000694583834186909,
  "Raku": 0.000006637370395059965,
  "Nu": 0.000006057373815056016,
  "Augeas": 0.000005826569997783134,
  "Max": 0.000005563673266810383,
  "Velocity Template Language": 0.000005020083449487008,
  "Eiffel": 0.00000426011825617681,
  "AspectJ": 0.000003806474659705457,
  "Cadence": 0.0000035703883348853675,
  "SugarSS": 0.000003436692880300216,