{
  "TypeScript": 14.526010917449502,
  "Go": 13.34176300401281,
  "Python": 12.941611995415107,
  "JavaScript": 9.133236531906098,
  "C#": 4.652631710804803,
  "Rust": 4.334729034322667,
  "C++": 4.178133419996329,
  "Shell": 3.8739306864315934,
  "C": 3.531355234797899,
  "HTML": 2.8820678320786297,
  "Java": 2.7083708307462873,
  "CSS": 2.104208919340837,
  "PHP": 1.9865318337880336,
  "Ruby": 1.8864209442623243,
  "Kotlin": 1.8763546469827908,
  "Dart": 1.7319564476475269,
  "SCSS": 1.3813848885728608,
  "Jupyter Notebook": 1.3500291326957998,
  "Vue": 0.9183725087021333,
  "Dockerfile": 0.9018884469938565,
  "MDX": 0.8052002514077915,
  "Makefile": 0.7075013937499531,
  "HCL": 0.5813659551618902,
  "Swift": 0.574816072085521,
  "CMake": 0.5746938222551148,
  "Lua": 0.5026538936103532,
  "Smarty": 0.38630959882666266,
  "Svelte": 0.30751128599047295,
  "Clojure": 0.29956411239806635,
  "Markdown": 0.2903648527197197,
  "Nix": 0.27962177210265143,
  "Solidity": 0.2616114007431712,
  "Batchfile": 0.24751156209776443,
  "DM": 0.2417119094025639,
  "PowerShell": 0.21111054393024506,
  "Mustache": 0.19573322616222968,
  "Objective-C": 0.17244171813226297,
  "WebAssembly": 0.14966366685926902,
  "R": 0.1435842424030842,
  "XML": 0.14205567788988685,
  "Nim": 0.14033777309748696,
  "PLpgSQL": 0.13619244898518484,
  "Sway": 0.12509893938208566,
  "Perl": 0.12249941957454974,
  "Jinja": 0.12084796013415487,
  "Fluent": 0.11311239266370049,
  "TeX": 0.10645896770839099,
  "Tcl": 0.10611321615075248,
  "Vim Script": 0.0981986074281504,
  "Zig": 0.09491623743807572,
  "BitBake": 0.0785935463428552,
  "Handlebars": 0.07287018812190636,
  "Adblock Filter List": 0.06869471867049466,
  "Scala": 0.0676786627562041,
  "Haxe": 0.06448804428741702,
  "Cuda": 0.0644196576082411,
  "Blade": 0.06083028104205389,
  "D": 0.051586633319306324,
  "Cairo": 0.046574003559749576,
  "Rich Text Format": 0.0462987259488078,
  "Crystal": 0.045655319912356426,
  "Gleam": 0.04514488322093874,
  "Meson": 0.0436120555076525,
  "DIGITAL Command Language": 0.040719324811353846,
  "V": 0.04045364290437592,
  "1C Enterprise": 0.038713507304892245,
  "Gherkin": 0.03691950051724163,
  "MLIR": 0.03636721459927817,
  "Roff": 0.03584167678421209,
  "Inno Setup": 0.02797822429245445,
  "PLSQL": 0.026473693406749783,
  "Astro": 0.026392500381222667,
  "EJS": 0.024722844097023834,
  "TSQL": 0.024085349050506424,
  "MATLAB": 0.022748678120766606,
  "Assembly": 0.020114966440543496,
  "Stylus": 0.019919102564599476,
  "Objective-C++": 0.018998702268355535,
  "Nushell": 0.01875746347911053,
  "Move": 0.015727489034752774,
  "Groovy": 0.01570461785706813,
  "Twig": 0.01542612350434326,
  "Less": 0.015160237288379229,
  "M4": 0.01468498274079056,
  "Scheme": 0.014419183137741095,
  "Hack": 0.014314374555329017,
  "Starlark": 0.01186564971676484,
  "Erlang": 0.010996316021751325,
  "GSC": 0.01010395556619378,
  "LLVM": 0.009523661735535212,
  "QML": 0.009375023141094972,
  "Bicep": 0.009220698892824853,
  "Just": 0.009179257684476423,
  "Elixir": 0.007882088403070826,
  "Visual Basic .NET": 0.007704298352122443,
  "ActionScript": 0.00736435566563989,
  "Jsonnet": 0.006963295414271956,
  "GLSL": 0.006274012462149359,
  "q": 0.006245646963712225,
  "Pascal": 0.005932408641782107,
  "NSIS": 0.005899268861735612,
  "Pug": 0.00580594413968725,
  "Yacc": 0.005329393142148713,
  "Mako": 0.005306444751489421,
  "jq": 0.0033451891912700984,
  "Liquid": 0.0031688311002180097,
  "NASL": 0.0031443424025321604,
  "Cap'n Proto": 0.002866112700147282,
  "Emacs Lisp": 0.0027351971205853876,
  "Typst": 0.0025947126157264007,
  "WGSL": 0.002577277367843229,
  "Mermaid": 0.00240753633312701,
  "CUE": 0.002253237997524145,
  "Earthly": 0.002040722059409523,
  "sed": 0.001987264840180653,
  "Kit": 0.001781025263705135,
  "Zephir": 0.0016142329378241768,
  "Io": 0.0015548859084928257,
  "Sass": 0.0013483669672541849,
  "Cython": 0.0013098343096745696,
  "AIDL": 0.0010234570678238017,
  "Open Policy Agent": 0.001013300378556566,
  "Rez": 0.0009637589845764236,
  "HiveQL": 0.0009482724605401546,
  "XSLT": 0.0009345014852805847,
  "Haskell": 0.000825482120990543,
  "Metal": 0.0007704772230456285,
  "Sage": 0.0006688082410527407,
  "Vala": 0.0006551995176442527,
  "Ragel": 0.0006388439312913358,
  "AppleScript": 0.0006200910002154157,
  "XQuery": 0.0006105280879595578,
  "Volt": 0.00059999031963717,
  "Ren'Py": 0.000575284627455866,
  "Clean": 0.0005532398988492579,
  "SmPL": 0.0005304427455901797,
  "Julia": 0.0005246446446179491,
  "Lex": 0.00048531110818263287,
  "Fortran": 0.0004491227370321429,
  "HLSL": 0.00042727523741641017,
  "SWIG": 0.00036467124669606153,
  "ANTLR": 0.0003435919797230766,
  "RobotFramework": 0.0003349512692215643,
  "Game Maker Language": 0.00028073429898234245,
  "Scilab": 0.0002683488426505267,
  "SAS": 0.00026563895241204437,
  "GDScript": 0.0002629228204221167,
  "UnrealScript": 0.0002506314729450338,
  "FreeMarker": 0.0002479266046849344,
  "Kaitai Struct": 0.00024438510980657433,
  "Brainfuck": 0.00024019557060568788,
  "Qt Script": 0.00021662629619471175,
  "POV-Ray SDL": 0.00020324163450942393,
  "Visual Basic 6.0": 0.00020315737784034878,
  "Awk": 0.000195859342443443,
  "Procfile": 0.0001841195760710866,
  "PostScript": 0.00018251509310697676,
  "CoffeeScript": 0.00018221466042055127,
  "PureBasic": 0.0001638587828488481,
  "kvlang": 0.0001588332866136999,
  "Apex": 0.00014852491809541578,
  "Smalltalk": 0.00013724078940482106,
  "Smithy": 0.00013656455681169085,
  "Standard ML": 0.00012852773188676514,
  "D2": 0.00011998482129552408,
  "LilyPond": 0.00011883727714969675,
  "VBScript": 0.00011544268300871255,
  "EmberScript": 0.00010683278243630146,
  "QMake": 0.00010675096325646105,
  "Common Lisp": 0.0001051556258129252,
  "Yul": 0.00010370861284174316,
  "E": 0.00010148545232715712,
  "Ant Build System": 0.00009893334954801798,
  "RenderScript": 0.0000976124595188373,
  "Marko": 0.00009415412637865165,
  "MAXScript": 0.00008154953192832719,
  "GDB": 0.00007667236344732692,
  "Elm": 0.00007454846574653072,
  "Reason": 0.00006985536283949318,
  "ShaderLab": 0.000050369221300299624,
  "Euphoria": 0.000049870819772965414,
  "Slim": 0.00004623311556062715,
  "Riot": 0.000042157866663462895,
  "SystemVerilog": 0.000040017521531610046,
  "F#": 0.00003747186367343672,
  "AspectJ": 0.00003165900857950385,
  "Prolog": 0.00003161618791459791,
  "PureScript": 0.000031586906245360824,
  "Raku": 0.000030358991041466512,
  "Imba": 0.000028998600632734127,
  "YARA": 0.00002688002032508494,
  "Elvish": 0.0000265227982366478,
  "Limbo": 0.000025539348810108033,
  "Verilog": 0.00002440673265609149,
  "Processing": 0.000020296681415566825,
  "VHDL": 0.000018423559449307033,
  "Nu": 0.00001786409408842053,
  "Gnuplot": 0.000016171456077668204,
  "SourcePawn": 0.000016103055513620463,
  "MoonScript": 0.000015196852540039671,
  "GAP": 0.000014839088252103428,
  "Nunjucks": 0.000012611184009628215,
  "Thrift": 0.000007845016345508521,
  "DTrace": 0.0000076069631811102815,
  "Forth": 0.000007207302024821343,
  "Xtend": 0.00000616842022515831,
  "JetBrains MPS": 0.0000059387440333401154,
  "OCaml": 0.000005754747062962303,
  "Redcode": 0.0000057535644738289255,
  "Promela": 0.000004894671757089284,
  "Max": 0.000004714448321903895,
  "Boogie": 0.000004353360102068664,
  "JSONiq": 0.0000043190185687262605,
  "Module Management System": 0.0000041551506283001255,
  "Ada": 0.000004132309105859406,
  "COBOL": 0.000003907624011356381,
  "Xonsh": 0.0000038050748932720726,
  "Mathematica": 0.0000037460440794029735,
  "Eiffel": 0.0000037326555171566043,
  "ASP.NET": 0.000003728989632129452,
  "Clarion": 0.0000031320236544133558,
  "XS": 0.0000026146020490531645,
  "Dhall": 0.0000023324148477972804,
  "ImageJ Macro": 0.0000023074931603586135,
  "Cadence": 0.000002234430802129607,
  "Pawn": 0.000001984636560381939,
  "Jasmin": 0.000001961896926301963,
  "RPC": 0.0000017219037011719275,