{
  "TypeScript": 14.33671463327392,
  "Go": 13.310567565500223,
  "Python": 13.138521677647303,
  "JavaScript": 9.175627496523473,
  "C#": 4.638240946416587,
  "Rust": 4.340200744858889,
  "C++": 4.093610830138925,
  "Shell": 3.8791108978652247,
  "C": 3.525285106755379,
  "HTML": 2.864331656118017,
  "Java": 2.6979525034204843,
  "PHP": 1.991351636209387,
  "Ruby": 1.880263671085391,
  "Kotlin": 1.8574483570892604,
  "CSS": 1.79753062480772,
  "Dart": 1.7614045489827663,
  "SCSS": 1.3820757148116334,
  "Jupyter Notebook": 1.3393514725164974,
  "Vue": 1.1214570320250032,
  "Dockerfile": 0.8951772180136465,
  "MDX": 0.8243279816363769,
  "Makefile": 0.7107050826269451,
  "HCL": 0.5817575615553532,
  "Swift": 0.5744656736919967,
  "CMake": 0.5600711578746763,
  "Lua": 0.5010175311618948,
  "Smarty": 0.38430750119640156,
  "PowerShell": 0.37673017790821817,
  "Svelte": 0.3063458037299218,
  "Clojure": 0.30187304656874886,
  "Markdown": 0.28957585218433435,
  "Nix": 0.2792616277090689,
  "Batchfile": 0.24693622359650702,
  "DM": 0.2401480188344696,
  "Solidity": 0.19781023568114756,
  "Mustache": 0.19191218106100932,
  "Objective-C": 0.1734386918171826,
  "WebAssembly": 0.14884710303151857,
  "R": 0.1431830687703252,
  "XML": 0.14167737214969411,
  "Nim": 0.13996530214014158,
  "Jinja": 0.13943449948681116,
  "PLpgSQL": 0.13589067027105833,
  "Sway": 0.12919707450525983,
  "Perl": 0.1251483604613572,
  "Fluent": 0.1128612206738564,
  "TeX": 0.10617405291226685,
  "Tcl": 0.1058975124093404,
  "Vim Script": 0.09793732731165367,
  "Zig": 0.09472323333692208,
  "Roff": 0.09041484958947121,
  "BitBake": 0.07871978227133014,
  "Handlebars": 0.07272342105706987,
  "Cuda": 0.07238025768967851,
  "Adblock Filter List": 0.0685119866566302,
  "Scala": 0.06713695407706953,
  "Blade": 0.06493442741797223,
  "Haxe": 0.06432560793402904,
  "D": 0.05144987316848069,
  "MLIR": 0.04821879220482974,
  "Cairo": 0.04646709186021983,
  "Rich Text Format": 0.04608783509994259,
  "Crystal": 0.0455338096387817,
  "Gleam": 0.04502439456050822,
  "Meson": 0.044060259872761916,
  "DIGITAL Command Language": 0.040610914527026025,
  "V": 0.04034967432901029,
  "1C Enterprise": 0.03861048746608062,
  "Gherkin": 0.03672433231324344,
  "Inno Setup": 0.027888444999176094,
  "Astro": 0.026907476530387973,
  "PLSQL": 0.02640311975868726,
  "Assembly": 0.02526472935289188,
  "EJS": 0.024648096908037008,
  "TSQL": 0.024013715494695984,
  "MATLAB": 0.022686540750981508,
  "Stylus": 0.019864816521054367,
  "Nushell": 0.019506938936434483,
  "Objective-C++": 0.018551333587854057,
  "LLVM": 0.017702325378185065,
  "Twig": 0.015646903994488225,
  "Groovy": 0.015621861183157818,
  "Move": 0.015349503872383397,
  "Less": 0.015098744665202534,
  "M4": 0.014731046047350394,
  "Scheme": 0.014327517334267051,
  "Hack": 0.014272448767826696,
  "Starlark": 0.011771025142900432,
  "GSC": 0.011052895625775022,
  "Erlang": 0.010963139032445135,
  "Just": 0.00946882118864594,
  "QML": 0.009313746821953944,
  "Bicep": 0.009179078023595508,
  "Elixir": 0.007825708340222004,
  "Visual Basic .NET": 0.007683343709655353,
  "ActionScript": 0.007336893561200086,
  "Jsonnet": 0.0067230549607605,
  "GLSL": 0.0062487266834496125,
  "q": 0.0060860774107952395,
  "Pascal": 0.0059176780035347905,
  "NSIS": 0.00588888921394851,
  "Pug": 0.0057843222414264974,
  "Yacc": 0.005324711174044107,
  "Mako": 0.0053067207827444,
  "jq": 0.0033355671997936025,
  "NASL": 0.0031853739691151376,
  "Liquid": 0.00317677573507874,
  "Cap'n Proto": 0.003074545845302293,
  "Emacs Lisp": 0.0027270956871524705,
  "Typst": 0.002575174526388436,
  "WGSL": 0.0025212379420323566,
  "Mermaid": 0.002399892356857456,
  "CUE": 0.0020641361855947204,
  "Earthly": 0.0020456591685116946,
  "sed": 0.0019760366306496202,
  "Kit": 0.0017762824081425975,
  "Io": 0.0016226581791060762,
  "Zephir": 0.0016099342488474335,
  "Sass": 0.0013402247501846962,
  "Cython": 0.0013130274250668418,
  "OpenEdge ABL": 0.001147028604293986,
  "AIDL": 0.0010194818355090905,
  "Open Policy Agent": 0.001005143517073918,
  "Rez": 0.0009610922928338607,
  "HiveQL": 0.0009430986254578634,
  "XSLT": 0.0009285355296602926,
  "Haskell": 0.0008218149492986633,
  "Fortran": 0.0007413346289823102,
  "Sage": 0.0006672368198209582,
  "Metal": 0.0006669908829255017,
  "Vala": 0.0006535804848011414,
  "Ragel": 0.0006370833831894994,
  "XQuery": 0.0006120261967748624,
  "AppleScript": 0.0006048145110163657,
  "Volt": 0.0005967425713364669,
  "Ren'Py": 0.0005603854117966382,
  "SmPL": 0.0005380241907760667,
  "Julia": 0.000521207467355375,
  "Clean": 0.0004922634809075484,
  "Lex": 0.00048412321360032817,
  "HLSL": 0.0004379918177245735,
  "SWIG": 0.00037183144270690676,
  "ANTLR": 0.00033968994330637947,
  "RobotFramework": 0.00033473739911620725,
  "Game Maker Language": 0.0002797652505412424,
  "Scilab": 0.0002711592609957465,
  "SAS": 0.000264930324354388,
  "GDScript": 0.00026438537338438657,
  "UnrealScript": 0.0002634218527189841,
  "Kaitai Struct": 0.00025067185862607703,
  "FreeMarker": 0.00024612726170025176,
  "Brainfuck": 0.00023397486167747074,
  "Qt Script": 0.0002136616814055123,
  "Visual Basic 6.0": 0.00020228400367421493,
  "POV-Ray SDL": 0.00020046074862699545,
  "Awk": 0.00019667763236802389,
  "Procfile": 0.00018247617615258334,
  "PostScript": 0.00018237023007802025,
  "CoffeeScript": 0.0001815669970960258,
  "kvlang": 0.00015841031488371738,
  "PureBasic": 0.0001582516612132469,
  "Apex": 0.00014732581116978799,
  "Smithy": 0.00013620410685217355,
  "Smalltalk": 0.0001321345454417878,
  "Standard ML": 0.00012816504049111325,
  "LilyPond": 0.00011824640780387219,
  "VBScript": 0.0001151235712791528,
  "QMake": 0.00010877572763748614,
  "D2": 0.00010863954079077411,
  "EmberScript": 0.00010610354299123333,
  "Common Lisp": 0.00010490977711524345,
  "Yul": 0.00010242142775307859,
  "E": 0.00010110122309347125,
  "Ant Build System": 0.00009868102590178159,
  "RenderScript": 0.0000960298693664805,
  "Marko": 0.00009386114949995448,
  "FIRRTL": 0.00008238746058763075,
  "MAXScript": 0.00008093201283291534,
  "GDB": 0.0000766177032781456,
  "Elm": 0.00007421199331962092,
  "Reason": 0.0000695384304929981,
  "ShaderLab": 0.00005023297411480063,
  "Euphoria": 0.000049682006239348003,
  "Slim": 0.000046109997155864046,
  "Riot": 0.00004198504446904712,
  "SystemVerilog": 0.000039902036362310995,
  "F#": 0.00003731946650896599,
  "Luau": 0.00003551116481500946,
  "AspectJ": 0.000031534033819195925,
  "Prolog": 0.00003152392110436096,
  "PureScript": 0.00003144280578436044,
  "Raku": 0.00003085218291103056,
  "Imba": 0.00002886771625524661,
  "YARA": 0.00002667536750937889,
  "Elvish": 0.00002642115064817509,
  "Limbo": 0.00002546938225082226,
  "Verilog": 0.000024167277472376484,
  "Processing": 0.000020433170747125815,
  "templ": 0.00001987595069073984,
  "VHDL": 0.00001832123696209726,
  "Nu": 0.000017489062235077055,
  "OCaml": 0.000016700995129066152,
  "SourcePawn": 0.000016182328160257386,
  "Gnuplot": 0.00001592030025609819,
  "MoonScript": 0.000015132789673065582,
  "GAP": 0.000014721494796232432,
  "Nunjucks": 0.00001257112063681682,
  "Thrift": 0.000007791564575015264,
  "DTrace": 0.000007583483757145222,
  "Forth": 0.000007312912117068447,
  "Xtend": 0.0000061455663724960255,
  "JetBrains MPS": 0.000005849717318235237,
  "Redcode": 0.000005737536514229132,
  "Promela": 0.000004875158354761182,
  "Max": 0.0000046994449292425336,
  "Boogie": 0.0000043143398592131594,
  "JSONiq": 0.000004290092645048266,
  "Ada": 0.0000042314017259522,
  "Module Management System": 0.000004138404407959929,
  "COBOL": 0.000003891781249006686,
  "Mathematica": 0.000003748813770905624,
  "Xonsh": 0.0000037307697426357347,
  "Eiffel": 0.0000037185234880225477,
  "ASP.NET": 0.0000037164555536445132,
  "XS": 0.0000033180510193336966,
  "Pawn": 0.000003318005559659915,
  "Clarion": 0.000003118186957208601,
  "Dhall": 0.0000023218875582475917,
  "ImageJ Macro": 0.000002290182253537424,