{
  "TypeScript": 17.11124964082105,
  "Python": 13.800884429165613,
  "Go": 12.332257866370034,
  "JavaScript": 7.621001349869617,
  "C#": 4.497328920802078,
  "C++": 4.478133367036441,
  "Rust": 3.5418689905380845,
  "C": 3.4818778378686104,
  "Shell": 3.126893108713787,
  "Kotlin": 3.109322652355738,
  "Java": 2.6025831818296865,
  "HTML": 2.442355581243517,
  "PHP": 2.3624022792016524,
  "Ruby": 1.9316534363561928,
  "MDX": 1.7537481814184415,
  "Dart": 1.6109901946388616,
  "Vue": 1.1890946136727125,
  "CSS": 1.1553396516787706,
  "Jupyter Notebook": 1.1170592657191898,
  "Dockerfile": 0.9155106697733303,
  "SCSS": 0.8947090492864256,
  "Lua": 0.6422115081485309,
  "Swift": 0.6202638863148364,
  "CMake": 0.5593152020701228,
  "HCL": 0.5480088821529995,
  "Makefile": 0.5426010591812339,
  "Smarty": 0.3422870175999423,
  "Svelte": 0.31115799699825875,
  "PowerShell": 0.2923507754763764,
  "Clojure": 0.2805453756655221,
  "Nix": 0.27972361784630134,
  "D": 0.25071665099667845,
  "Cairo": 0.22971776473614644,
  "WebAssembly": 0.22805411721061788,
  "Jinja": 0.20301047275877057,
  "Markdown": 0.19994523758451369,
  "Mustache": 0.19260191000788054,
  "Objective-C": 0.19033490664228853,
  "Blade": 0.17104754464243563,
  "Nim": 0.16740093454124358,
  "Solidity": 0.16211293263387175,
  "PLpgSQL": 0.15248979861921177,
  "V": 0.1354552011457944,
  "Zig": 0.128417677585659,
  "Adblock Filter List": 0.1105158067644994,
  "Sway": 0.10426807259959203,
  "Tcl": 0.10276417606923723,
  "VCL": 0.09649644406305151,
  "Cuda": 0.09131911740543067,
  "Batchfile": 0.09069218224106765,
  "XML": 0.08607581582211646,
  "Roff": 0.07836573254003504,
  "Fluent": 0.07469853913981225,
  "Haxe": 0.06696416343011383,
  "DM": 0.06356872082590889,
  "Perl": 0.05917853054573848,
  "EJS": 0.05798353778000204,
  "Vim Script": 0.05777520493132328,
  "MLIR": 0.05444987351893118,
  "Gherkin": 0.04884852062173999,
  "Crystal": 0.04618632656692917,
  "Meson": 0.04100067432572381,
  "OCaml": 0.039337984884829036,
  "Scala": 0.038696473067939,
  "LLVM": 0.03760696925248767,
  "AutoHotkey": 0.03735102724178322,
  "Assembly": 0.037307325801177085,
  "TeX": 0.03484713228397761,
  "Objective-C++": 0.03484491515279913,
  "Twig": 0.03255192283261171,
  "1C Enterprise": 0.03247372860836388,
  "Astro": 0.028212576849243037,
  "Move": 0.025614873570555776,
  "Typst": 0.02350184700482331,
  "Jsonnet": 0.020816299158669862,
  "Inno Setup": 0.020140648397037025,
  "Luau": 0.019205431271023848,
  "Just": 0.019036557362049702,
  "Scheme": 0.01861564547579766,
  "M4": 0.015606482757071353,
  "Handlebars": 0.01225850968281856,
  "Groovy": 0.011717219340575942,
  "Less": 0.011387158108797436,
  "GSC": 0.01131350674728165,
  "QML": 0.010066784848150571,
  "API Blueprint": 0.008636468573584901,
  "PLSQL": 0.008209216202882855,
  "AppleScript": 0.007994377142384148,
  "YAML": 0.007773478279539712,
  "GLSL": 0.007591627332888163,
  "Metal": 0.0072093656382605596,
  "Visual Basic .NET": 0.007157651021551485,
  "Elixir": 0.007121594566098921,
  "Stylus": 0.006843891427019011,
  "CoffeeScript": 0.0062900141429263964,
  "Starlark": 0.006286335984007318,
  "ActionScript": 0.005705601261420123,
  "TSQL": 0.005697340865511708,
  "R": 0.005185265568839526,
  "JSON": 0.004798617120935706,
  "NSIS": 0.004505237157938596,
  "Cython": 0.0044231487881534895,
  "Volt": 0.003761339799394614,
  "q": 0.0036938001723771617,
  "Haml": 0.003691840237443956,
  "SystemVerilog": 0.0036857050734471226,
  "WGSL": 0.0034829995917531396,
  "jq": 0.0030158880814182324,
  "Yul": 0.0029527045138850617,
  "Sass": 0.002947354605059939,
  "templ": 0.0026940312427544606,
  "Mermaid": 0.0024625908023355996,
  "XSLT": 0.0024243342373086096,
  "Cap'n Proto": 0.002313527874216608,
  "Pug": 0.002283061961108224,
  "NASL": 0.0021550959578410136,
  "F#": 0.0017854247702229597,
  "ShaderLab": 0.0017690941743788375,
  "Rich Text Format": 0.001661995236800707,
  "sed": 0.0016368269988201493,
  "Mako": 0.001473341080594349,
  "ANTLR": 0.0014488838634988065,
  "Kit": 0.0013878930066163378,
  "Earthly": 0.0012186743441599114,
  "BitBake": 0.0012059445432298227,
  "Fortran": 0.001177587628888651,
  "Io": 0.0011609608143161622,
  "CartoCSS": 0.001063037945457062,
  "Sage": 0.0010306771832923076,
  "SQL": 0.001024071513684411,
  "FreeMarker": 0.0009982387106082546,
  "HLSL": 0.0009404767454748577,
  "Bicep": 0.0008650302098861813,
  "Pascal": 0.0008001669017515973,
  "ReScript": 0.0007941638112943576,
  "Emacs Lisp": 0.0007379157061359638,
  "SWIG": 0.0007052317593778141,
  "DTrace": 0.0006948900509689931,
  "Liquid": 0.0006590652406954698,
  "Lex": 0.0006435370079157199,
  "Yacc": 0.0005875251778885323,
  "Open Policy Agent": 0.000559257903169462,
  "SmPL": 0.00044094134984979554,
  "GDScript": 0.00042810209087516316,
  "Brainfuck": 0.00041112103331948625,
  "Haskell": 0.00040741428161899227,
  "Nushell": 0.00036748581088395576,
  "Hack": 0.0003574209341091913,
  "Circom": 0.0003296978745637197,
  "Thrift": 0.00031160893367724273,
  "OpenEdge ABL": 0.00030417148474741246,
  "MATLAB": 0.0002889354512791041,
  "Qt Script": 0.00027301614089548853,
  "Kaitai Struct": 0.00026537607827036214,
  "Awk": 0.00025274415530587976,
  "SAS": 0.000227567492408537,
  "Ada": 0.00021687397911495998,
  "Julia": 0.00020610117419626693,
  "FIRRTL": 0.00019433820058888465,
  "CUE": 0.00018015917652931647,
  "Scilab": 0.0001686776034152676,
  "QMake": 0.00016482427853398352,
  "Brightscript": 0.00015506918881509198,
  "Procfile": 0.00015272139948213122,
  "PureBasic": 0.00013560565042953837,
  "POV-Ray SDL": 0.00013423581038447637,
  "GDB": 0.00013312236202596924,
  "AIDL": 0.0001272707159655767,
  "PostScript": 0.00012462215190552032,
  "Common Lisp": 0.00012065241045343349,
  "Standard ML": 0.0001189030076335501,
  "UnrealScript": 0.0001174302304136602,
  "Smithy": 0.0000965084806085269,
  "Visual Basic": 0.00009556332320701818,
  "Game Maker Language": 0.00009256308824435738,
  "Ant Build System": 0.00009196082679869894,
  "E": 0.00009055436707213552,
  "MoonScript": 0.00008560266349663454,
  "Sieve": 0.00007775692294921379,
  "Pike": 0.00007224043167568668,
  "Smalltalk": 0.00007190922418696435,
  "Elm": 0.00007167249240526363,
  "Apex": 0.00006946037844213821,
  "LOLCODE": 0.0000687967442532006,
  "RPGLE": 0.00006739023352097512,
  "Prolog": 0.00006615857657882297,
  "EmberScript": 0.00005712589192998732,
  "Xonsh": 0.00005670115465026637,
  "DIGITAL Command Language": 0.00005251136218524626,
  "Nemerle": 0.0000488877185850718,
  "D2": 0.000048535119298316196,
  "PEG.js": 0.00004740749816075555,
  "RenderScript": 0.00004323932722813333,
  "Elvish": 0.00003956689094843731,
  "xBase": 0.000036613054434479734,
  "Clean": 0.00003657273655979343,
  "Forth": 0.000036013797691157874,
  "Ragel": 0.000035805011437811805,
  "Erlang": 0.00003311269966131043,
  "Processing": 0.00003256138674249574,
  "COBOL": 0.00003078369729052153,
  "Noir": 0.000030150291811023917,
  "Perl 6": 0.000028757481520630473,
  "ABAP": 0.000027651424539067763,
  "Euphoria": 0.000025831588208109838,
  "M": 0.000024589130248719875,
  "ASP.NET": 0.00002279518333276316,
  "GAP": 0.000018176860482399113,
  "Verilog": 0.000017362996578918314,
  "Vala": 0.000016362915424354426,
  "Visual Basic 6.0": 0.000014356180010943034,
  "SourcePawn": 0.000013207645140388669,
  "Gnuplot": 0.000012681146548045054,
  "HiveQL": 0.000012395747036346837,
  "Boogie": 0.000012128491837933607,
  "Alloy": 0.000010111071738178708,
  "mupad": 0.000009954161882284892,
  "VHDL": 0.000009656872624847668,
  "YARA": 0.000008393963997521556,
  "JetBrains MPS": 0.000007802417049338151,
  "Eiffel": 0.000007686206961559248,
  "Module Management System": 0.000006760379506892574,
  "Raku": 0.000006415449862264385,
  "Nu": 0.000005748243462661042,
  "Augeas": 0.000005535894281901154,
  "Pawn": 0.000005375132417806965,
  "Max": 0.000005310060828608619,
  "Velocity Template Language": 0.00000474334776879272,
  "VBScript": 0.000004031203377026752,