{
  "Go": 14.597174198662834,
  "TypeScript": 13.95646035917466,
  "Python": 11.705087398660066,
  "JavaScript": 9.571887096743929,
  "C#": 4.798180307337609,
  "Rust": 4.123977674952117,
  "C++": 3.7488124363484197,
  "Java": 3.6576239198464857,
  "Shell": 3.517244082147724,
  "HTML": 3.4958707290705173,
  "C": 2.705985057549415,
  "PHP": 2.541411232214526,
  "CSS": 2.150195480671648,
  "Kotlin": 1.8334362303700114,
  "SCSS": 1.6356309822618806,
  "Ruby": 1.6348404963942398,
  "Dart": 1.3554154907413285,
  "Jupyter Notebook": 1.2913394780725997,
  "MDX": 0.872659789632852,
  "Dockerfile": 0.7881934799720252,
  "Lua": 0.779507983199624,
  "Vue": 0.731202003482803,
  "Makefile": 0.6746023390463614,
  "HCL": 0.6084430356608577,
  "Swift": 0.5712071922432955,
  "CMake": 0.5150242591657891,
  "Smarty": 0.42537261325057096,
  "XML": 0.37837040020894847,
  "R": 0.31100859089828237,
  "Batchfile": 0.2996773191638492,
  "Markdown": 0.291023004219889,
  "Solidity": 0.2863356211256009,
  "Nix": 0.2826280139183777,
  "Clojure": 0.2773282681792644,
  "DM": 0.25501351565708974,
  "PowerShell": 0.20891014273875919,
  "Svelte": 0.20481300280865045,
  "PLpgSQL": 0.1898875446838329,
  "WebAssembly": 0.1461535998992868,
  "Jinja": 0.1406051062995199,
  "Vim Script": 0.12814855723247087,
  "Nim": 0.11755887991255858,
  "TeX": 0.11684033652530695,
  "Objective-C": 0.10986414491252706,
  "Mustache": 0.10928753649350556,
  "Perl": 0.10306287427426852,
  "Blade": 0.10175346780529117,
  "Cairo": 0.09806945443195589,
  "Handlebars": 0.09619222159344029,
  "Fluent": 0.09415992922187781,
  "Adblock Filter List": 0.07864982227559321,
  "BitBake": 0.0714739574794976,
  "Tcl": 0.07080837800968943,
  "Rich Text Format": 0.06660342808051734,
  "Sway": 0.05524123094385705,
  "Less": 0.05196772520959412,
  "D": 0.04994395920901501,
  "Zig": 0.04825798989052538,
  "Gleam": 0.0440604019796552,
  "Scheme": 0.041439068298700976,
  "Roff": 0.039413691412632304,
  "MLIR": 0.0354187607530342,
  "Cuda": 0.03492538243151596,
  "Crystal": 0.03276823970220917,
  "Scala": 0.031330045611365015,
  "Vala": 0.029522289283794842,
  "Stylus": 0.02793225468002133,
  "Assembly": 0.027583023018198493,
  "Inno Setup": 0.026569139759027693,
  "Gherkin": 0.0257286607607959,
  "EJS": 0.02386028642679682,
  "Astro": 0.023644748365999578,
  "PLSQL": 0.022802299283326746,
  "Haxe": 0.02195896838923136,
  "Starlark": 0.021814104710146397,
  "Groovy": 0.02178592529846223,
  "TSQL": 0.02172926034114082,
  "Move": 0.01663886615423055,
  "Nushell": 0.01637334037077142,
  "Objective-C++": 0.015553628213302358,
  "Twig": 0.0147548407342051,
  "Hack": 0.014559287196112665,
  "M4": 0.014189449359066582,
  "Pug": 0.012210510481986774,
  "Erlang": 0.011564768034057295,
  "Nunjucks": 0.010824097355445119,
  "Just": 0.010022412439135202,
  "Meson": 0.00979238524194739,
  "GSC": 0.009280401931801035,
  "Bicep": 0.00922698098886215,
  "Elixir": 0.008630987200794164,
  "Visual Basic .NET": 0.007441036773343916,
  "RobotFramework": 0.007365535949406924,
  "GLSL": 0.007077267442032898,
  "Jsonnet": 0.006850834403583154,
  "Yacc": 0.00627627871684529,
  "Pascal": 0.0057897841879821135,
  "V": 0.005768909050184256,
  "HiveQL": 0.005490509955107877,
  "Thrift": 0.004947201795773292,
  "NSIS": 0.004224941554281134,
  "E": 0.004155565503756683,
  "WGSL": 0.003881339657584038,
  "q": 0.0037813687791957915,
  "Typst": 0.0035087782702836277,
  "QML": 0.0034087588358500823,
  "Cap'n Proto": 0.0032158047839938295,
  "Liquid": 0.003118064844905603,
  "NASL": 0.0029422884641178895,
  "LLVM": 0.0022983270334620155,
  "Mermaid": 0.0022540516294762523,
  "CUE": 0.0021618774900831763,
  "Cython": 0.0021479138628898754,
  "Emacs Lisp": 0.002144196675539081,
  "ANTLR": 0.002133985094933011,
  "Kit": 0.002004683420683025,
  "Sass": 0.001885940947129171,
  "ShaderLab": 0.001754636813295595,
  "Io": 0.0016374138555135674,
  "Zephir": 0.001560133295696181,
  "FreeMarker": 0.0015550945126052641,
  "HLSL": 0.001514689233681427,
  "ActionScript": 0.0013860613816193696,
  "Haskell": 0.0013334145306369454,
  "XSLT": 0.0012364229016533766,
  "sed": 0.0011996350426941773,
  "Open Policy Agent": 0.0011744840994028566,
  "MATLAB": 0.0010938643944171321,
  "Sage": 0.0010029678247259362,
  "Rez": 0.0009306595011317942,
  "YARA": 0.0009151745482369372,
  "AIDL": 0.0009054842242571874,
  "jq": 0.0008995562434208062,
  "DIGITAL Command Language": 0.0008672275474972465,
  "VCL": 0.0008520098970217009,
  "Ragel": 0.000664646747439543,
  "GAP": 0.0006625683523486199,
  "CoffeeScript": 0.0006623529496723835,
  "Brainfuck": 0.0006545041380230934,
  "Fortran": 0.0006257809645144122,
  "Mako": 0.0006087734679314969,
  "YAML": 0.000594809094658205,
  "Volt": 0.0005825786895857504,
  "XQuery": 0.0005801816005304254,
  "Ren'Py": 0.0005625159842555521,
  "Clean": 0.0005348672391237988,
  "AppleScript": 0.0005185645139594121,
  "Smali": 0.00038730479453659027,
  "SmPL": 0.00038016623837656483,
  "TLA": 0.00037980322700888213,
  "Max": 0.00037882900572595765,
  "Lex": 0.0003771597020833557,
  "PostScript": 0.00037684197347742583,
  "Vim Snippet": 0.00034643494907706,
  "Julia": 0.000342349878711858,
  "POV-Ray SDL": 0.00031807838712952756,
  "Common Lisp": 0.00030478762671036047,
  "Game Maker Language": 0.0003020742731459612,
  "MoonScript": 0.00029186216700875605,
  "SWIG": 0.00026641572863494767,
  "Ant Build System": 0.00026184217718948263,
  "Apex": 0.00025962809277862574,
  "Metal": 0.0002335925292463633,
  "Scilab": 0.00022674045406055227,
  "QMake": 0.000219762798358984,
  "GDScript": 0.000218022491779785,
  "JSON": 0.00021070567499890467,
  "Awk": 0.0002056655142534719,
  "Visual Basic 6.0": 0.00020135072075324825,
  "Slim": 0.00018184631008459848,
  "Prolog": 0.00017861103730499448,
  "Brightscript": 0.00016019350823077156,
  "Xonsh": 0.00015599972871042724,
  "Procfile": 0.00014519983339062028,
  "Elm": 0.00014447093300375857,
  "F#": 0.00012318720391451144,
  "UnrealScript": 0.00012294889845435315,
  "Kaitai Struct": 0.0001222785048471721,
  "D2": 0.00012091129466308913,
  "AspectJ": 0.00011256284011161874,
  "Smalltalk": 0.00011254635143712891,
  "VBScript": 0.00010689364962304733,
  "RenderScript": 0.00010139975641938497,
  "Yul": 0.00010117923435948073,
  "Visual Basic": 0.00009872124900954824,
  "Smithy": 0.00009795584511636593,
  "GDB": 0.00009135729639064555,
  "Marko": 0.00009102871192241734,
  "MAXScript": 0.0000790855353882096,
  "Qt Script": 0.00007586590500196771,
  "Pike": 0.00007447910997267177,
  "Processing": 0.00007280479458019063,
  "LOLCODE": 0.00007107015843048497,
  "Reason": 0.00006665011644448464,
  "Nemerle": 0.000050503231553495745,
  "Ada": 0.00004920134872234156,
  "Asymptote": 0.00004360223110546265,
  "Riot": 0.00004010342554527541,
  "COBOL": 0.000039599747350642646,
  "xBase": 0.00003785775526356718,
  "OCaml": 0.00003683004491410492,
  "SQLPL": 0.00003523582760952898,
  "SAS": 0.000034863387635380156,
  "Hy": 0.000033988498814818634,
  "LookML": 0.00003105097744329178,
  "Bluespec": 0.0000302968795501221,
  "SystemVerilog": 0.00002996336277786205,
  "PureScript": 0.000029912422764866203,
  "Forth": 0.00002981031751767001,
  "Perl 6": 0.000029707783266762202,
  "ABAP": 0.00002856517621804058,
  "Imba": 0.000027396557571878506,
  "VHDL": 0.000025987289532366334,
  "Elvish": 0.000025793804140901767,
  "Earthly": 0.000025472127661117567,
  "Raku": 0.000025158917782178525,
  "Limbo": 0.00002468514309093625,
  "SourcePawn": 0.000021863633213041236,
  "Module Management System": 0.000020667845647046414,
  "CWeb": 0.00001923303923541095,
  "PEG.js": 0.00001757029050480418,
  "StringTemplate": 0.000016174232823644964,
  "Verilog": 0.000016007682877562624,
  "XS": 0.000010549296972061246,
  "Puppet": 0.000009670752363413134,
  "DTrace": 0.000007330203586147108,
  "EmberScript": 0.000007167398130981958,
  "ASP.NET": 0.000007018657279786167,
  "Grammatical Framework": 0.000006643157681346249,
  "PigLatin": 0.000006497799015579936,