{
  "Go": 15.741484154521942,
  "TypeScript": 13.331944417938688,
  "Python": 12.351712140370191,
  "JavaScript": 8.419124327863498,
  "Rust": 4.645965819669581,
  "C#": 4.503864724307149,
  "PHP": 4.142835010017457,
  "Shell": 4.089375969767549,
  "Java": 3.7770977314562852,
  "C++": 3.255359940110078,
  "HTML": 3.158537118575016,
  "C": 2.516949466625409,
  "CSS": 1.9107277454556852,
  "SCSS": 1.705378150207135,
  "Kotlin": 1.496497877152279,
  "Dart": 1.2943274421137434,
  "Ruby": 1.1474408633145654,
  "Jupyter Notebook": 1.0373696019941396,
  "HCL": 0.8675199602254408,
  "Vue": 0.8312200295524975,
  "Dockerfile": 0.7903378868815705,
  "Lua": 0.7266391375461849,
  "MDX": 0.6112666438856096,
  "Smarty": 0.5935365777074626,
  "Makefile": 0.5829438152591225,
  "XML": 0.5075775759152101,
  "Swift": 0.4138874302904354,
  "Objective-C": 0.3422034646036589,
  "Nim": 0.27483805453679394,
  "WebAssembly": 0.2710494714612301,
  "Jinja": 0.2538739881230957,
  "Mustache": 0.24904605012029224,
  "Move": 0.23608599697673255,
  "PLpgSQL": 0.2164470360057919,
  "Nix": 0.2102628563847858,
  "PowerShell": 0.20336947863066646,
  "Clojure": 0.19627206705530442,
  "Markdown": 0.18648201351496843,
  "DM": 0.18568877421973368,
  "Svelte": 0.16604838924144574,
  "Zig": 0.15644256191387498,
  "CMake": 0.15393301400580783,
  "Perl": 0.15273369208223514,
  "Vim Script": 0.13116860335675812,
  "Blade": 0.11567803309844396,
  "Tcl": 0.11529277339842219,
  "Adblock Filter List": 0.11270076564398396,
  "Twig": 0.096899463551955,
  "Rich Text Format": 0.09640832251855996,
  "PLSQL": 0.06981094838135626,
  "Solidity": 0.06940655161593819,
  "Nushell": 0.06571902646059564,
  "Batchfile": 0.0624861023094414,
  "Cairo": 0.056352756559156274,
  "MLIR": 0.05000514417728947,
  "Cuda": 0.04794147360427175,
  "Emacs Lisp": 0.04624326072851466,
  "TeX": 0.04586673301300457,
  "Scala": 0.041988427730111806,
  "Haskell": 0.03937077607116651,
  "Red": 0.038017202028755935,
  "TSQL": 0.037961630319879154,
  "Gherkin": 0.03795621662693728,
  "Erlang": 0.035794441143284964,
  "Prolog": 0.03459148324080969,
  "Fluent": 0.03133283480123328,
  "Pascal": 0.030439968210071732,
  "Liquid": 0.02865934338276263,
  "Starlark": 0.027390435276560786,
  "Haxe": 0.026583255828676097,
  "Astro": 0.024177640331021332,
  "Stylus": 0.02337837464462702,
  "Less": 0.023124089550061525,
  "Jsonnet": 0.020298418299468934,
  "1C Enterprise": 0.02027002113505123,
  "M4": 0.01960684610635483,
  "Crystal": 0.018610178611007472,
  "Handlebars": 0.018135323416602685,
  "Objective-C++": 0.017081247140653573,
  "Meson": 0.015977327565951906,
  "Volt": 0.015222676576180653,
  "KakouneScript": 0.014369456685448437,
  "Groovy": 0.014012878794118496,
  "Haml": 0.01367901710744978,
  "Sass": 0.012420925586909898,
  "Antlers": 0.012390250105129084,
  "Roff": 0.011508219228836,
  "Assembly": 0.011389907905897544,
  "Mako": 0.010677739076218811,
  "Mermaid": 0.010054345058276565,
  "ANTLR": 0.009345724449703574,
  "Verilog": 0.009222250040113227,
  "IDL": 0.00913777975629325,
  "Yul": 0.007673761361572246,
  "Visual Basic .NET": 0.0075914794574947425,
  "Inno Setup": 0.007577744627930196,
  "Yacc": 0.007087980573343412,
  "Hack": 0.007045930952535242,
  "Rebol": 0.00615350619725559,
  "CoffeeScript": 0.005645639499896986,
  "OCaml": 0.005415262150610071,
  "Just": 0.0052653518382629345,
  "GSC": 0.004983272312244563,
  "q": 0.004145471178513393,
  "Elixir": 0.004112981200027637,
  "GLSL": 0.003995986214950509,
  "QML": 0.003718545585605631,
  "SWIG": 0.0033813515721519243,
  "PostScript": 0.0032237205664804093,
  "Typst": 0.003113926544203592,
  "VCL": 0.003049855943551712,
  "RobotFramework": 0.002834697806229491,
  "NSIS": 0.0027270105310087177,
  "SystemVerilog": 0.002646491052541064,
  "CUE": 0.0021797661537669107,
  "FreeMarker": 0.0020729187814801857,
  "R": 0.002071708857728133,
  "Cython": 0.002064230000526632,
  "Scheme": 0.002033418027588929,
  "AppleScript": 0.0017511103814968811,
  "CodeQL": 0.0016981640074862495,
  "Pug": 0.001582017431877342,
  "XSLT": 0.0015591576310692548,
  "DIGITAL Command Language": 0.0015042315734230846,
  "Bikeshed": 0.0014381879167410926,
  "HiveQL": 0.001377589334229674,
  "MATLAB": 0.001334134998307534,
  "Vala": 0.0012987046446957995,
  "Thrift": 0.001268964261938592,
  "Metal": 0.001259584691666093,
  "WGSL": 0.0012380949618002843,
  "NASL": 0.0010667481180027323,
  "sed": 0.0010621206877772008,
  "POV-Ray SDL": 0.0009714158793933864,
  "EJS": 0.0009068772573214038,
  "SMT": 0.0008653278746822152,
  "Smithy": 0.0008598841901405788,
  "Fortran": 0.000824942788531664,
  "Processing": 0.000744036279183699,
  "GDScript": 0.0007025708810306192,
  "COBOL": 0.0006631847826581983,
  "GAP": 0.0005971408157849044,
  "VBScript": 0.0005963854316657033,
  "Cap'n Proto": 0.0005304666182796917,
  "SmPL": 0.0005208353429226554,
  "Mathematica": 0.0004925776256437147,
  "Open Policy Agent": 0.0004875497253763849,
  "Sage": 0.00045279543681451173,
  "Puppet": 0.0004160435890979875,
  "ActionScript": 0.00040927975913683485,
  "Ant Build System": 0.0003538460647486223,
  "ASP.NET": 0.0003513063798943016,
  "Ragel": 0.00029797107311578655,
  "Boogie": 0.000280608280378937,
  "HLSL": 0.0002736889808772021,
  "Turing": 0.000266504165070824,
  "jq": 0.0002655082860707165,
  "Visual Basic 6.0": 0.0002638073403946711,
  "AIDL": 0.0002608973101981702,
  "Scilab": 0.0002482503923903359,
  "Common Lisp": 0.00023625406321119074,
  "EmberScript": 0.0001956353923193627,
  "Game Maker Language": 0.00018925434864053195,
  "D": 0.00017170458897726836,
  "Xtend": 0.00013962683332066262,
  "Slim": 0.00013227900134418844,
  "Lex": 0.0001240087995107626,
  "GDB": 0.00011736058413551166,
  "Awk": 0.00010876737795810683,
  "MoonScript": 0.00010680529701176188,
  "OpenEdge ABL": 0.0000978840963050295,
  "PureBasic": 0.00008212894839754183,
  "XS": 0.00007385537036594103,
  "D2": 0.00007309846860764917,
  "F#": 0.00006685461015459352,
  "M": 0.00006684637626101795,
  "Logos": 0.00006327950908066222,
  "RenderScript": 0.00005500544276176402,
  "SourcePawn": 0.00005244875701624825,
  "ZenScript": 0.00005105533697499034,
  "QMake": 0.00004701597039163091,
  "Xonsh": 0.000041984528196651134,
  "Marko": 0.000040012616386295455,
  "Io": 0.00003906719219162248,
  "Procfile": 0.00003885176685519109,
  "Pawn": 0.000038480951468332295,
  "Motoko": 0.0000354113369623685,
  "SQLPL": 0.00003311729138086899,
  "Harbour": 0.000033006599982126904,
  "Bicep": 0.000029526324230906726,
  "Ada": 0.00002805541482274975,
  "DTrace": 0.00002380700827388505,
  "VHDL": 0.000023427496328840702,
  "Raku": 0.000021676381602581505,
  "Nasal": 0.000021045956064715117,
  "Earthly": 0.00001919749736268083,
  "UnrealScript": 0.000014913573370859871,
  "Qt Script": 0.000014710226861831844,
  "OpenSCAD": 0.000014449369009824528,
  "Imba": 0.000014121558000734253,
  "AspectJ": 0.00001303670250535641,
  "Elvish": 0.00001300625268646351,
  "RPC": 0.000012721230129145741,
  "Julia": 0.000012041741889651709,
  "Module Management System": 0.000011669163971623661,
  "ShaderLab": 0.000011466700845501676,
  "LLVM": 0.000009828551876866146,
  "Alloy": 0.00000970686226161899,
  "Racket": 0.000009027227039684462,
  "Grammatical Framework": 0.000008967327210912539,
  "ASL": 0.000007773841328733359,
  "Max": 0.000006669746773666204,
  "G-code": 0.000005604035856153672,
  "Coq": 0.000005367389653550299,
  "Riot": 0.000005292010466973841,
  "Nearley": 0.000005223996650057401,
  "PEG.js": 0.0000049426266630490175,
  "AMPL": 0.000004939304739235264,
  "SAS": 0.000004662926652516289,
  "BitBake": 0.000004610350190500108,
  "Velocity Template Language": 0.000004553723348314644,
  "Smalltalk": 0.000004449627936556774,
  "XC": 0.000004262506832981809,
  "Clarion": 0.0000030149220592531674,
  "Modula-3": 0.0000024028413335394228,
  "Cypher": 0.0000023852646467194356,
  "SugarSS": 0.000002332853571080699,
  "IGOR Pro": 0.0000023154078544811954,
  "Forth": 0.000001989168112107011,