{
  "Go": 15.365416189853157,
  "TypeScript": 13.533963226663914,
  "Python": 12.277260444829974,
  "JavaScript": 9.193618525591495,
  "Rust": 5.060157125316694,
  "C#": 4.583226823351728,
  "PHP": 3.8338722673298022,
  "Java": 3.58995310301447,
  "HTML": 3.354056877096037,
  "Shell": 3.2473728005841944,
  "C++": 3.1299931777318935,
  "C": 2.4105092017079817,
  "CSS": 1.9011170140272777,
  "SCSS": 1.8481213361938198,
  "Kotlin": 1.5219699538373241,
  "Ruby": 1.185736372467602,
  "Jupyter Notebook": 1.1077400893214575,
  "HCL": 1.0591667578238584,
  "Dart": 0.994434296802269,
  "Lua": 0.8408889728049828,
  "Vue": 0.7890081421477197,
  "MDX": 0.6990276660538045,
  "Dockerfile": 0.6421427726211644,
  "Makefile": 0.6154964357714624,
  "XML": 0.5316106352555486,
  "Smarty": 0.5043206488010586,
  "Swift": 0.4249091120896352,
  "CMake": 0.3770087070235232,
  "Objective-C": 0.3169587417205934,
  "Nix": 0.2944276924371475,
  "Nim": 0.2694994796071555,
  "Mustache": 0.2455387289279394,
  "WebAssembly": 0.21722869479665297,
  "PowerShell": 0.212804098158324,
  "Clojure": 0.21278128416748074,
  "Cairo": 0.21137966798695962,
  "Move": 0.20487336237153464,
  "Batchfile": 0.19692328814484325,
  "Jinja": 0.19471373057970948,
  "DM": 0.19206330072786504,
  "Svelte": 0.1820352187051391,
  "Vim Script": 0.18090125358766454,
  "Markdown": 0.16459776990353778,
  "PLpgSQL": 0.14883245802385237,
  "Solidity": 0.128015087854623,
  "Blade": 0.12635365313975766,
  "Tcl": 0.1124611478476373,
  "Adblock Filter List": 0.103426331039986,
  "Perl": 0.0842446809280435,
  "R": 0.07934199852871068,
  "TeX": 0.06764247569342,
  "PLSQL": 0.06594906606017231,
  "Nushell": 0.06371765633497378,
  "Less": 0.05057060149023841,
  "Rich Text Format": 0.05047472180259702,
  "MLIR": 0.04472090585041973,
  "Gherkin": 0.04448206859081309,
  "Fluent": 0.04425395232079663,
  "Scheme": 0.04160586794706568,
  "TSQL": 0.04110614490666674,
  "Cuda": 0.04105387059879148,
  "Handlebars": 0.040064526459092746,
  "Twig": 0.03615142660379327,
  "Prolog": 0.03355016637448745,
  "Zig": 0.03235476656581031,
  "Red": 0.032028294372120555,
  "Haxe": 0.031211178453268686,
  "Astro": 0.03006127821832384,
  "Stylus": 0.027855725979317555,
  "Roff": 0.026202815667340475,
  "Assembly": 0.022304785085362596,
  "Jsonnet": 0.020719251183111024,
  "Inno Setup": 0.02002277862762316,
  "Groovy": 0.018942972623423423,
  "Starlark": 0.018534375942468848,
  "Objective-C++": 0.01836024810794489,
  "Crystal": 0.017987115517260857,
  "M4": 0.017287007259207683,
  "Volt": 0.0147226142662523,
  "Haml": 0.013222689330527128,
  "Antlers": 0.011976844798057738,
  "ANTLR": 0.010289408087848636,
  "Mako": 0.010265817039542546,
  "Nunjucks": 0.010259786821482382,
  "Mermaid": 0.010016924558491706,
  "Visual Basic .NET": 0.009179937168719858,
  "IDL": 0.008834426642444217,
  "Elixir": 0.00874186938385131,
  "Verilog": 0.008447811534633944,
  "Emacs Lisp": 0.007914668657423183,
  "Sass": 0.00764929804596516,
  "Just": 0.00764802031794853,
  "Yul": 0.007590644087230634,
  "RobotFramework": 0.007402596140200607,
  "Hack": 0.007274035934290545,
  "Pug": 0.006606235158659395,
  "MATLAB": 0.00626945943629663,
  "Haskell": 0.006167502348188006,
  "Thrift": 0.005921432451214736,
  "Yacc": 0.005782764703917945,
  "GSC": 0.0057434596648694835,
  "V": 0.005474330091575534,
  "OCaml": 0.0052399587746352425,
  "Rebol": 0.00517917984556472,
  "CoffeeScript": 0.004604286676828637,
  "Slim": 0.004510093448867588,
  "HiveQL": 0.004350755160106214,
  "E": 0.003943288035096583,
  "q": 0.003744901409512226,
  "BitBake": 0.0037264860735756414,
  "Scala": 0.0035579237588207013,
  "Typst": 0.0033836352247583823,
  "QML": 0.0032253104471268224,
  "GLSL": 0.003086250349888385,
  "NSIS": 0.002928041503056773,
  "FreeMarker": 0.002720109410560149,
  "Cython": 0.002656933885206386,
  "Cap'n Proto": 0.002556684579284661,
  "LLVM": 0.002332734757579168,
  "WGSL": 0.0021713183096883307,
  "Open Policy Agent": 0.0020006829878953395,
  "Meson": 0.0018834620632840293,
  "CodeQL": 0.001648429258729106,
  "DIGITAL Command Language": 0.001443984602611026,
  "POV-Ray SDL": 0.0011592090046438968,
  "NASL": 0.0010727585622648703,
  "XSLT": 0.0010461220616436039,
  "VCL": 0.0010018600400590898,
  "YARA": 0.0008577703955347995,
  "Processing": 0.0008270929165224371,
  "Erlang": 0.0008182370569850287,
  "1C Enterprise": 0.000813721055181066,
  "Metal": 0.0008088047647330647,
  "Sage": 0.0008039706102333369,
  "Fortran": 0.0007975510826473351,
  "sed": 0.0007767122281991573,
  "AppleScript": 0.0007740852376911151,
  "EJS": 0.0006906473266436149,
  "GAP": 0.000649689804751547,
  "SWIG": 0.000647991217809976,
  "COBOL": 0.0006405273242982099,
  "QMake": 0.0006046460721268066,
  "Liquid": 0.000566221337628479,
  "Pascal": 0.0004790833028133327,
  "ShaderLab": 0.00047670363008828323,
  "Scilab": 0.0004392245661075084,
  "Gleam": 0.0004230409852602048,
  "PostScript": 0.0004085949897706602,
  "Puppet": 0.00040526232539303693,
  "Smali": 0.0003832700662866407,
  "Ant Build System": 0.0003711912465304696,
  "Max": 0.00036078123827081406,
  "ASP.NET": 0.0003423912618272586,
  "Lex": 0.0003414650082493622,
  "SmPL": 0.00030077942494347845,
  "Ragel": 0.00028563220633795076,
  "AIDL": 0.0002848773808919047,
  "Common Lisp": 0.0002596043931304303,
  "GDScript": 0.0002544116009354018,
  "Mathematica": 0.0002450205213486907,
  "VBScript": 0.0002306776410654262,
  "HLSL": 0.00022844112867709441,
  "jq": 0.00021101930868740916,
  "Xonsh": 0.0002091599830728376,
  "Game Maker Language": 0.00018105161687461966,
  "Julia": 0.00016540190920589305,
  "D": 0.00016489147415559705,
  "Awk": 0.00014769435889263477,
  "SystemVerilog": 0.0001378288094539236,
  "MoonScript": 0.00011440048526811222,
  "Smithy": 0.00009290781884279292,
  "GDB": 0.00008855198658910781,
  "Qt Script": 0.00008615692316208271,
  "OpenEdge ABL": 0.00008245018547330559,
  "XS": 0.00007908101497283868,
  "RenderScript": 0.00007646955007776353,
  "Visual Basic 6.0": 0.0000738164416870715,
  "D2": 0.00007282379907854983,
  "SQLPL": 0.00006551023793488684,
  "Procfile": 0.00006325345971496333,
  "F#": 0.00006272127946062845,
  "SourcePawn": 0.00005104850949748225,
  "ZenScript": 0.00004914527280035937,
  "Io": 0.0000460408463305628,
  "Asymptote": 0.000042549206637466126,
  "Smalltalk": 0.00004168745118395668,
  "AspectJ": 0.000041114891925377854,
  "Motoko": 0.00003293152084478703,
  "Boogie": 0.0000326445318202098,
  "Hy": 0.00003247511076134724,
  "LookML": 0.00003171590632623779,
  "Bicep": 0.00002838613891395368,
  "CUE": 0.00002822874575011606,
  "Ada": 0.00002711008914370702,
  "Turing": 0.00002655513864080974,
  "Raku": 0.000025946477707302774,
  "Module Management System": 0.000025867947970949204,
  "AMPL": 0.000024282333043330272,
  "Pawn": 0.00002228431108765807,
  "Marko": 0.000022255482149306418,
  "PEG.js": 0.00002218025418782754,
  "VHDL": 0.00002060230897760854,
  "DTrace": 0.000020260811728561797,
  "Nasal": 0.000020227286024195087,
  "CWeb": 0.000018998846643422372,
  "Earthly": 0.000018447084210166897,
  "BlitzBasic": 0.000015679049063291712,
  "UnrealScript": 0.000015625334146784315,
  "RPC": 0.000012283520962743838,
  "Grammatical Framework": 0.000010779914571758515,
  "OpenSCAD": 0.000010523585733726838,
  "Alloy": 0.000009143984887306312,
  "Imba": 0.000008621497921916639,
  "Elvish": 0.000008242912884415554,
  "EmberScript": 0.000007154551773922015,
  "PigLatin": 0.000006185852899447521,
  "Coq": 0.000005965203727013641,
  "NewLisp": 0.000005640887257060336,
  "PureBasic": 0.000005597103509962209,
  "SAS": 0.000004960187934037617,
  "Velocity Template Language": 0.0000042896639877753914,
  "Modula-3": 0.000004235272240124009,
  "XC": 0.0000041202867057663705,
  "G-code": 0.0000040400735523810304,
  "M": 0.0000035674614290508956,
  "Gnuplot": 0.000003079551306966367,
  "Riot": 0.0000029434777107457063,
  "Forth": 0.0000025513772413002793,
  "JetBrains MPS": 0.0000024418011613968836,