{
  "TypeScript": 15.479033112209539,
  "Python": 13.77522773733679,
  "Go": 12.628368315824234,
  "JavaScript": 7.583363055620067,
  "Kotlin": 4.833419332625362,
  "Rust": 4.729142291775737,
  "C#": 4.376934966224085,
  "C++": 3.8019443076394923,
  "Shell": 3.249204811670016,
  "Java": 2.821773503144458,
  "C": 2.7686581232839904,
  "MDX": 2.372121255369934,
  "HTML": 2.2812662135046047,
  "PHP": 2.1760945199266213,
  "Ruby": 1.958360235914875,
  "Dart": 1.3636968037109267,
  "CSS": 1.0805188372569963,
  "Jupyter Notebook": 1.0401913460224173,
  "Vue": 1.0020330562920619,
  "SCSS": 0.8364930691073328,
  "Nim": 0.6753536351263468,
  "Makefile": 0.6561356962818764,
  "Dockerfile": 0.6488254434016302,
  "CMake": 0.5073618505985819,
  "Lua": 0.50427995292075,
  "HCL": 0.47763968940742346,
  "Swift": 0.4725067573076843,
  "PowerShell": 0.36935420432706045,
  "Smarty": 0.35656104957219015,
  "Svelte": 0.2872163741329843,
  "Markdown": 0.2858290778454008,
  "Mustache": 0.27239241178858775,
  "Cairo": 0.25828206366353296,
  "Clojure": 0.22550460276736994,
  "Nix": 0.21494647653448581,
  "Jinja": 0.1896870765174402,
  "Blade": 0.18609773383028988,
  "WebAssembly": 0.18504534165375908,
  "Objective-C": 0.1840281467733235,
  "Batchfile": 0.1707363902916162,
  "Solidity": 0.1639363290998827,
  "D": 0.13385721351552787,
  "Sway": 0.11909746847269659,
  "V": 0.11389983742518905,
  "Roff": 0.09925247258231226,
  "Adblock Filter List": 0.08873931497551252,
  "Haxe": 0.08409256313032024,
  "Lean": 0.08027249505540579,
  "Cuda": 0.08004911804859012,
  "PLpgSQL": 0.07489755192739195,
  "XML": 0.07069504400795089,
  "TeX": 0.06206395203191038,
  "Fluent": 0.05971242201372689,
  "MLIR": 0.054678987562752794,
  "ABAP": 0.053115470239146645,
  "Tcl": 0.05095983156650348,
  "Gherkin": 0.0500480244057169,
  "Groovy": 0.049584313863482395,
  "Haskell": 0.044984030671266266,
  "Vim Script": 0.04193503218663346,
  "Scala": 0.04189932255993061,
  "LLVM": 0.041197044011410514,
  "reStructuredText": 0.041179809142229164,
  "Zig": 0.04109661710371431,
  "Perl": 0.03946329771833042,
  "YAML": 0.03812465508753474,
  "Bikeshed": 0.03736312269674132,
  "AutoHotkey": 0.03587800373725412,
  "F#": 0.03558332712950137,
  "PLSQL": 0.035210084946354164,
  "OCaml": 0.034595630219292454,
  "Objective-C++": 0.03427511427581844,
  "Assembly": 0.031903300288536204,
  "Jsonnet": 0.03091778674748611,
  "R": 0.02613907044175291,
  "Inno Setup": 0.025082036057645234,
  "Smali": 0.023281835830416358,
  "Handlebars": 0.021076732333885868,
  "Gleam": 0.020893524606162773,
  "Astro": 0.020768107216473774,
  "Less": 0.020136418869786125,
  "Verilog": 0.019040389361043592,
  "TSQL": 0.01902899882387428,
  "Luau": 0.018451317325941095,
  "1C Enterprise": 0.018009601974583445,
  "Just": 0.017909263719698476,
  "RobotFramework": 0.017444993981755266,
  "M4": 0.015325996740226227,
  "Starlark": 0.014855866287221384,
  "templ": 0.01331100998489182,
  "Move": 0.012644698955965351,
  "Stylus": 0.012456717167008285,
  "GLSL": 0.012273047642153142,
  "Nunjucks": 0.012271410781575728,
  "CodeQL": 0.011654225512218409,
  "XSLT": 0.010860876219609584,
  "Twig": 0.010313996299797757,
  "PureScript": 0.010214876742221872,
  "QML": 0.010002494279711584,
  "GSC": 0.009087145369360125,
  "Rich Text Format": 0.008357165881540934,
  "API Blueprint": 0.008291473344875675,
  "Scheme": 0.007418328117239783,
  "Elixir": 0.007156962569847299,
  "SQL": 0.006609410119104821,
  "Erlang": 0.006074162922422271,
  "Crystal": 0.005915126599860988,
  "Visual Basic .NET": 0.005605198406353937,
  "Mojo": 0.005352208119981156,
  "Metal": 0.005228389650112812,
  "ReScript": 0.00520156224074189,
  "JSON": 0.0047285728990958285,
  "SystemVerilog": 0.004682496489457122,
  "Kit": 0.0046299025413109275,
  "Meson": 0.004457729530730201,
  "Open Policy Agent": 0.00444791841169439,
  "Julia": 0.0042611486618901045,
  "HLSL": 0.004242163796293666,
  "CoffeeScript": 0.0038314700536049282,
  "Haml": 0.003766575224818309,
  "VCL": 0.003728816142908091,
  "EJS": 0.0035044546517158776,
  "Thrift": 0.0033988801618080842,
  "NSIS": 0.0032421586782868626,
  "Odin": 0.0031042479928356462,
  "Emacs Lisp": 0.003097191391493025,
  "Yul": 0.0029617775772656065,
  "WGSL": 0.0028954523733606707,
  "SWIG": 0.0028046206335666127,
  "Earthly": 0.0027743329739912557,
  "q": 0.0027052525063872637,
  "Typst": 0.0026396847852886997,
  "Fortran": 0.0022054451977979598,
  "Lex": 0.002179415128388478,
  "Io": 0.0020484805079838482,
  "CUE": 0.002011777350154816,
  "AMPL": 0.0018308508582738157,
  "Sass": 0.0017472181267406631,
  "Dafny": 0.0016776897609599452,
  "NASL": 0.00166297842955956,
  "Circom": 0.0016596709735320985,
  "sed": 0.0016018520880855254,
  "AppleScript": 0.001512337045725344,
  "ShaderLab": 0.0014794691044963555,
  "Pascal": 0.0013807666878404886,
  "XQuery": 0.0013457703708319411,
  "Mermaid": 0.001318105828677755,
  "Mako": 0.001268422643472763,
  "BitBake": 0.0012214106047647299,
  "Sage": 0.0011428028231004659,
  "Dhall": 0.0010587015049900333,
  "Raku": 0.0010179825392331418,
  "CartoCSS": 0.0010159009667269762,
  "Pawn": 0.0009489358654070381,
  "Yacc": 0.000895044204897393,
  "FreeMarker": 0.0008409759362157743,
  "Hack": 0.0008072861536415065,
  "Cython": 0.0007780116490637154,
  "Roc": 0.0006916115370265526,
  "Cap'n Proto": 0.0006625702263602396,
  "Stan": 0.0006555744729172214,
  "Common Lisp": 0.0006285875803247877,
  "Awk": 0.0006032691561039903,
  "SmPL": 0.0005741085557210188,
  "VHDL": 0.0005558341109588345,
  "ActionScript": 0.0005416566081002604,
  "Racket": 0.0005163097867129921,
  "AIDL": 0.0005153568543163593,
  "Scilab": 0.0005008830669153014,
  "jq": 0.0004989099282691445,
  "Ballerina": 0.0004458200302711183,
  "Bicep": 0.00040306163554359976,
  "WDL": 0.00039662495069247645,
  "DTrace": 0.00037937531953165303,
  "GDScript": 0.0003346666936607443,
  "ANTLR": 0.0003118027710674879,
  "Euphoria": 0.000244315281489636,
  "Liquid": 0.00024020064132306758,
  "FIRRTL": 0.00021250185558258097,
  "MATLAB": 0.00018887095393056572,
  "UnrealScript": 0.00017706638832611129,
  "Qt Script": 0.00016220560141857101,
  "MQL5": 0.00014472052023025185,
  "Smalltalk": 0.000136514135688188,
  "POV-Ray SDL": 0.00013477470781241897,
  "Procfile": 0.0001326796708507589,
  "Ragel": 0.00012981688660867232,
  "VBScript": 0.00012396814369060194,
  "PostScript": 0.00012358832603056417,
  "StringTemplate": 0.00012216695800546467,
  "Game Maker Language": 0.00011855372985880663,
  "WebIDL": 0.00009652358931201323,
  "GAP": 0.0000930513632759358,
  "Pyret": 0.00008525200909985787,
  "Pug": 0.00008243121524687554,
  "Smithy": 0.00008226848351958793,
  "MoonScript": 0.00008222672594705679,
  "SMT": 0.00008143596100708875,
  "PEG.js": 0.00008113587694145027,
  "Augeas": 0.00008032938474012556,
  "Ant Build System": 0.00007951890992060595,
  "QMake": 0.0000760637173268683,
  "GDB": 0.0000725477626500754,
  "Sieve": 0.00007123226158097646,
  "Nushell": 0.00006707817421157738,
  "RenderScript": 0.00006483492194725789,
  "Vala": 0.00006099751640606283,
  "Csound": 0.00005849244089311642,
  "Dune": 0.00005597721936900717,
  "Boogie": 0.00005412764507834889,
  "J": 0.00005087634206077835,
  "Elvish": 0.00004664408870507711,
  "KRL": 0.00004071429148173384,
  "M": 0.00003440946166863107,
  "Visual Basic 6.0": 0.000030717874646133336,
  "Apex": 0.000029359655504472518,
  "Puppet": 0.000020467217118743746,
  "OpenEdge ABL": 0.00001911295331075538,
  "Prolog": 0.000017955259951364203,
  "SourcePawn": 0.00001697508678416794,
  "Xonsh": 0.000013264072463101443,
  "RPC": 0.000011321428872771923,
  "AGS Script": 0.000011102369228939901,
  "EmberScript": 0.000009917011025962512,
  "ASP.NET": 0.00000931526398408754,
  "Nearley": 0.000009093132850357327,
  "Standard ML": 0.000008379134572922239,
  "AspectJ": 0.00000801764651579284,
  "Slim": 0.000007881135149777643,
  "E": 0.000007381126328992024,
  "YARA": 0.000007251488913374582,
  "JetBrains MPS": 0.000006575658601501131,