{
  "TypeScript": 14.452216718776162,
  "Go": 13.278736015541856,
  "Python": 13.090852317153088,
  "JavaScript": 9.169236227997848,
  "C#": 4.628550574265929,
  "Rust": 4.3165412184017775,
  "C++": 4.128434911180263,
  "Shell": 3.873696900634199,
  "C": 3.5133242944057828,
  "HTML": 2.864190130261239,
  "Java": 2.694140219546202,
  "PHP": 1.987307298025292,
  "Ruby": 1.8768648260289227,
  "Kotlin": 1.8519901491448942,
  "CSS": 1.7934281016944786,
  "Dart": 1.7582365201858499,
  "SCSS": 1.3763011402462628,
  "Jupyter Notebook": 1.3390900886283343,
  "Vue": 1.1222699834035006,
  "Dockerfile": 0.8927205411030287,
  "MDX": 0.8190332904343943,
  "Makefile": 0.7066894771455916,
  "HCL": 0.580766406143557,
  "Swift": 0.571657653886151,
  "CMake": 0.5604964943451778,
  "Lua": 0.5003545300624593,
  "Smarty": 0.38350247939990884,
  "PowerShell": 0.37612428222812055,
  "Svelte": 0.30590375598667935,
  "Clojure": 0.3009154539677511,
  "Markdown": 0.2889920825098567,
  "Nix": 0.2782573011941533,
  "Solidity": 0.2599183451843655,
  "Batchfile": 0.2464208653521729,
  "DM": 0.23964354115996817,
  "Mustache": 0.19189956816373316,
  "Objective-C": 0.17204518702852498,
  "WebAssembly": 0.14855240601745007,
  "R": 0.14288875036960644,
  "XML": 0.14137706660659957,
  "Nim": 0.13966885350275088,
  "Jinja": 0.13951420767901368,
  "PLpgSQL": 0.13558661193301486,
  "Sway": 0.12925945261835894,
  "Perl": 0.12488092929643893,
  "Fluent": 0.11261917131530577,
  "TeX": 0.10594937574037902,
  "Tcl": 0.10567675681697557,
  "Vim Script": 0.09772999871620174,
  "Zig": 0.094486415622406,
  "Roff": 0.09078161177583341,
  "BitBake": 0.07842961800397624,
  "Handlebars": 0.07264527553489736,
  "Adblock Filter List": 0.06836673906283375,
  "Scala": 0.06735027774308336,
  "Blade": 0.0650269724557984,
  "Cuda": 0.06476576843811357,
  "Haxe": 0.06418263905208134,
  "D": 0.05133629898365559,
  "Cairo": 0.04636861716280275,
  "Rich Text Format": 0.04599568758330437,
  "Crystal": 0.04543731164938601,
  "Gleam": 0.044928977278013545,
  "Meson": 0.04397330180869361,
  "DIGITAL Command Language": 0.040524850345407065,
  "V": 0.040263726110595685,
  "1C Enterprise": 0.03852866404215117,
  "Gherkin": 0.036707719662041685,
  "MLIR": 0.03617948354752329,
  "Inno Setup": 0.027841624630163004,
  "Astro": 0.026897835863356086,
  "PLSQL": 0.02634719339178254,
  "Assembly": 0.02522005132644619,
  "EJS": 0.02460037924679308,
  "TSQL": 0.023968608876072935,
  "MATLAB": 0.02264436369139625,
  "Stylus": 0.019823919165110265,
  "Nushell": 0.019292478201066655,
  "Objective-C++": 0.018819190578759415,
  "LLVM": 0.017681022795800486,
  "Move": 0.01565424182338752,
  "Twig": 0.015614260691952408,
  "Groovy": 0.015605250387371752,
  "Less": 0.015069344534837562,
  "M4": 0.01473275671813997,
  "Scheme": 0.014313190905720745,
  "Hack": 0.014244058484756553,
  "Starlark": 0.011808327419708308,
  "GSC": 0.010949251089393838,
  "Erlang": 0.010942245496147347,
  "Just": 0.009520471684184982,
  "QML": 0.0093049300816922,
  "Bicep": 0.009177415765932182,
  "Elixir": 0.007813538847116643,
  "Visual Basic .NET": 0.007667422927932799,
  "ActionScript": 0.007324044806705469,
  "Jsonnet": 0.006811014588701108,
  "GLSL": 0.006241531388425281,
  "q": 0.0060782086736901894,
  "Pascal": 0.005905448128965882,
  "NSIS": 0.005878661744801801,
  "Pug": 0.0057763412139618,
  "Yacc": 0.005305782176027459,
  "Mako": 0.005296218703315935,
  "jq": 0.0033286629199142533,
  "NASL": 0.0031774024989747298,
  "Liquid": 0.003152598886505394,
  "Cap'n Proto": 0.002877068738485276,
  "Emacs Lisp": 0.002721426526734564,
  "Typst": 0.0025782957543724087,
  "WGSL": 0.0025463642893370844,
  "Mermaid": 0.0023949285146396882,
  "CUE": 0.0020479340588649853,
  "Earthly": 0.0020418802081278603,
  "sed": 0.0019720461973606294,
  "Kit": 0.0017725180479111612,
  "Zephir": 0.0016065224194931553,
  "Io": 0.0015474588661997593,
  "Sass": 0.0013381232867067524,
  "Cython": 0.0013050729258320178,
  "OpenEdge ABL": 0.0011445981654297109,
  "AIDL": 0.001017600471592281,
  "Open Policy Agent": 0.0010066472649050097,
  "Rez": 0.0009590556068190588,
  "HiveQL": 0.000943246669698369,
  "XSLT": 0.0009282222334135013,
  "Haskell": 0.0008205829132613878,
  "Fortran": 0.0007374125111634262,
  "Metal": 0.0006702304509980429,
  "Sage": 0.0006670381549351893,
  "Vala": 0.0006525836154905002,
  "Ragel": 0.0006357903921283478,
  "XQuery": 0.0006107291693060458,
  "AppleScript": 0.0006063991176678268,
  "Volt": 0.0005963230575479612,
  "Ren'Py": 0.0005591978232978869,
  "SmPL": 0.0005306545429165947,
  "Julia": 0.0005228468013055183,
  "Clean": 0.0004912170320550392,
  "Lex": 0.0004833954092677106,
  "HLSL": 0.00043718026212013485,
  "SWIG": 0.00037112035428163605,
  "ANTLR": 0.0003417370193883329,
  "RobotFramework": 0.0003345053856596411,
  "Game Maker Language": 0.0002791957699896292,
  "Scilab": 0.00027154121679510144,
  "SAS": 0.0002643701087346942,
  "GDScript": 0.0002614511491460834,
  "UnrealScript": 0.00024967864836828823,
  "FreeMarker": 0.0002453661795435848,
  "Kaitai Struct": 0.00024390154933089507,
  "Brainfuck": 0.00023347902030286833,
  "Qt Script": 0.00021498101015880673,
  "Visual Basic 6.0": 0.00020216426737700737,
  "POV-Ray SDL": 0.00020005094699104673,
  "Awk": 0.00019736273479453652,
  "Procfile": 0.0001827618248921564,
  "PostScript": 0.000182179735086167,
  "CoffeeScript": 0.00018118246840833436,
  "kvlang": 0.00015807460616596843,
  "PureBasic": 0.00015791628871994343,
  "Apex": 0.00014760571861363047,
  "Smithy": 0.0001359154583124806,
  "Smalltalk": 0.0001355400649866171,
  "Standard ML": 0.0001277665169995692,
  "LilyPond": 0.00011825233541035381,
  "VBScript": 0.00011487983765764408,
  "D2": 0.00010967648980939766,
  "QMake": 0.00010860214303097685,
  "EmberScript": 0.00010612320586343376,
  "Common Lisp": 0.00010488200953888161,
  "Yul": 0.00010220534429691334,
  "E": 0.00010090800714657821,
  "Ant Build System": 0.00009851553055133361,
  "RenderScript": 0.00009632994977022124,
  "Marko": 0.00009367002722104232,
  "FIRRTL": 0.00008183507734900789,
  "MAXScript": 0.00008092725764965775,
  "GDB": 0.0000765009953355696,
  "Elm": 0.00007405472064998946,
  "Reason": 0.00006939219524393998,
  "ShaderLab": 0.000050128101372003394,
  "Euphoria": 0.00004958705826952762,
  "Slim": 0.000046012279226119595,
  "Riot": 0.000041897098786605105,
  "SystemVerilog": 0.0000398234887962911,
  "F#": 0.000037265926293660064,
  "AspectJ": 0.00003151641897620473,
  "Prolog": 0.000031511550324783726,
  "PureScript": 0.00003137722941868616,
  "Raku": 0.000030826348962436366,
  "Imba": 0.000028806538774376734,
  "YARA": 0.00002660525777608438,
  "Elvish": 0.000026364497576392043,
  "Limbo": 0.00002541543961715321,
  "Verilog": 0.000024182735286120042,
  "Processing": 0.00002038672593855933,
  "templ": 0.000019845679730601673,
  "VHDL": 0.000018315199318468777,
  "Nu": 0.000017514070398381113,
  "OCaml": 0.00001667764658802157,
  "SourcePawn": 0.000016094208163449387,
  "Gnuplot": 0.000015914648487065466,
  "MoonScript": 0.000015124263505744688,
  "GAP": 0.000014756612889404052,
  "Nunjucks": 0.00001254781584002518,
  "Thrift": 0.000007795936728279398,
  "DTrace": 0.000007576248475045075,
  "Forth": 0.000007307866073172067,
  "Xtend": 0.000006136275812732325,
  "JetBrains MPS": 0.000005860092432363512,
  "Redcode": 0.000005725827629454142,
  "Promela": 0.000004869557419557069,
  "Max": 0.000004691586372689483,
  "Boogie": 0.000004318562914430919,
  "JSONiq": 0.000004286703112281344,
  "Ada": 0.000004220633462435056,
  "Module Management System": 0.000004131496958208645,
  "COBOL": 0.000003885316229713959,
  "Xonsh": 0.0000037847194860703843,
  "Mathematica": 0.0000037407204912478854,
  "Eiffel": 0.0000037114169663129326,
  "ASP.NET": 0.0000037095146997503038,
  "Pawn": 0.0000033129530917665467,
  "XS": 0.000003285001647495525,
  "Clarion": 0.0000031167246917161033,
  "Dhall": 0.0000023169669323684707,
  "ImageJ Macro": 0.000002289958084804608,