{
  "Go": 14.582425998229331,
  "TypeScript": 14.045917641615855,
  "Python": 11.713228610925396,
  "JavaScript": 9.536119019924733,
  "C#": 4.797421170369135,
  "Rust": 4.0682771706322525,
  "C++": 3.7283846050304397,
  "Java": 3.658695271166349,
  "HTML": 3.5157620176311197,
  "Shell": 3.5151258383703134,
  "C": 2.699810504777076,
  "PHP": 2.539544041411795,
  "CSS": 2.140017926982151,
  "Kotlin": 1.826437169757865,
  "Ruby": 1.6355282777519637,
  "SCSS": 1.6250368890530327,
  "Dart": 1.3547573225747331,
  "Jupyter Notebook": 1.299117310911046,
  "MDX": 0.8516012702121916,
  "Dockerfile": 0.7893036362681016,
  "Lua": 0.778742761485376,
  "Vue": 0.731217538233279,
  "Makefile": 0.6731214534068444,
  "HCL": 0.6080786354288555,
  "Swift": 0.570721516078018,
  "CMake": 0.5129943567019616,
  "XML": 0.3780510591580304,
  "Smarty": 0.34480178600307076,
  "R": 0.30764393452317806,
  "Batchfile": 0.2994193494635962,
  "Markdown": 0.29008782910972797,
  "Solidity": 0.2856300954263771,
  "Nix": 0.2826856268038516,
  "Clojure": 0.27798634028424096,
  "DM": 0.2547151779606133,
  "PowerShell": 0.2079906292108428,
  "Svelte": 0.20425009132310945,
  "PLpgSQL": 0.1897029797962713,
  "Mustache": 0.18838007159504072,
  "TeX": 0.18650977244456707,
  "WebAssembly": 0.14602939650042465,
  "Jinja": 0.1404850167128515,
  "Vim Script": 0.1280404874221709,
  "Nim": 0.11746144659834673,
  "Objective-C": 0.10964507781382352,
  "Perl": 0.10859280744323584,
  "Blade": 0.10169379552521202,
  "Cairo": 0.09771733555680694,
  "Handlebars": 0.09607318072405903,
  "Fluent": 0.09435321221213712,
  "Adblock Filter List": 0.07858356992896026,
  "BitBake": 0.07185799337729629,
  "Tcl": 0.07082428124264453,
  "Rich Text Format": 0.06641912187962719,
  "Sway": 0.05475477760557287,
  "Less": 0.05185523846324411,
  "D": 0.04990302531455064,
  "Zig": 0.04828523852538059,
  "Gleam": 0.04402181596584301,
  "Scheme": 0.04146937284272647,
  "Roff": 0.039870275513008764,
  "MLIR": 0.035889352606886984,
  "Cuda": 0.03453399767898535,
  "Crystal": 0.03274056846259732,
  "Scala": 0.03150912655262053,
  "Vala": 0.029497336534880455,
  "Stylus": 0.027757446916431085,
  "Assembly": 0.02755222106035151,
  "Inno Setup": 0.026543320888279622,
  "Gherkin": 0.025717847013128604,
  "EJS": 0.02383940184045469,
  "Astro": 0.02377726995719402,
  "PLSQL": 0.02278304250312007,
  "Haxe": 0.021940427295617293,
  "Starlark": 0.02176766514309994,
  "Groovy": 0.021747358260627035,
  "TSQL": 0.021708161897339758,
  "Nushell": 0.01635393414577208,
  "Move": 0.016321925771210496,
  "Objective-C++": 0.015519592060582421,
  "Twig": 0.014742087361776575,
  "Hack": 0.014500475534689656,
  "M4": 0.014053225943640833,
  "Pug": 0.012296560863586438,
  "Erlang": 0.011549728397501931,
  "Nunjucks": 0.01081494711956068,
  "Just": 0.01011317287395851,
  "Meson": 0.009797849008737708,
  "Bicep": 0.009173722009826503,
  "Elixir": 0.008597511624512826,
  "GSC": 0.00845792225504756,
  "Visual Basic .NET": 0.007432079109946135,
  "RobotFramework": 0.007357132676411455,
  "GLSL": 0.007060437334151514,
  "Jsonnet": 0.006750434172008525,
  "Yacc": 0.006275112854465172,
  "Pascal": 0.005784466848861997,
  "V": 0.005764049812935885,
  "HiveQL": 0.005483420223517577,
  "Thrift": 0.004942516061929865,
  "NSIS": 0.004200297972037333,
  "E": 0.00415205632383667,
  "WGSL": 0.003972349331151177,
  "q": 0.0037766905286687386,
  "Typst": 0.003505935131882893,
  "QML": 0.0034171604942621597,
  "Cap'n Proto": 0.003203444955282417,
  "Liquid": 0.003113810561051879,
  "NASL": 0.0029251949344766617,
  "LLVM": 0.002415965120374553,
  "Mermaid": 0.00225252649040067,
  "CUE": 0.0021598326224416893,
  "Cython": 0.0021533472181213893,
  "Emacs Lisp": 0.0021427129571442464,
  "ANTLR": 0.002131731530282439,
  "Kit": 0.0020029905596754233,
  "Sass": 0.0018877057188524961,
  "ShaderLab": 0.0017467799767207945,
  "Zephir": 0.001558815836392784,
  "Io": 0.0015562936953138103,
  "FreeMarker": 0.0015512281800823013,
  "HLSL": 0.0015063146634946237,
  "ActionScript": 0.0013850447984753893,
  "Haskell": 0.0013298067146373352,
  "XSLT": 0.0012310248346113065,
  "sed": 0.0011916487563687175,
  "Open Policy Agent": 0.0011722397291457423,
  "MATLAB": 0.0010506159702944806,
  "Sage": 0.0010010515047607176,
  "Rez": 0.0009298734326749797,
  "YARA": 0.0009140647880124135,
  "AIDL": 0.0009042859667664337,
  "jq": 0.0008983406226396295,
  "DIGITAL Command Language": 0.0008679229192986861,
  "VCL": 0.0008512904146745745,
  "GAP": 0.0006619627872706314,
  "Ragel": 0.000661940686206908,
  "CoffeeScript": 0.0006536945256415893,
  "Brainfuck": 0.0006515226447430548,
  "Fortran": 0.0006252452907177224,
  "Mako": 0.0006043036627239909,
  "XQuery": 0.0005799137134457775,
  "Volt": 0.0005786315124076236,
  "YAML": 0.0005782154928626602,
  "Ren'Py": 0.0005562237665283339,
  "Clean": 0.0005343344168959016,
  "AppleScript": 0.0005138889363555357,
  "Smali": 0.000385660095707214,
  "SmPL": 0.00037947889253074423,
  "TLA": 0.00037920216535760595,
  "Max": 0.0003785070601504186,
  "PostScript": 0.00037622757714988477,
  "Lex": 0.00037619618137735793,
  "Vim Snippet": 0.0003461421122558159,
  "Julia": 0.00034357675028698803,
  "POV-Ray SDL": 0.00031655160949117133,
  "Game Maker Language": 0.0003016529598219026,
  "MoonScript": 0.0002916119456400797,
  "SWIG": 0.00026619387921800544,
  "Ant Build System": 0.00026148692008661216,
  "Apex": 0.000258948780161308,
  "Metal": 0.00022781388846220197,
  "Scilab": 0.0002261855567511395,
  "GDScript": 0.00021749395991994136,
  "QMake": 0.0002143982305765677,
  "JSON": 0.00020482754351370527,
  "Awk": 0.00020393845216202226,
  "Visual Basic 6.0": 0.0002010951871435001,
  "Slim": 0.00018158983581461287,
  "Prolog": 0.00017865590100594504,
  "Brightscript": 0.00016005823233585626,
  "Common Lisp": 0.00015687585347630127,
  "Xonsh": 0.0001512402864841851,
  "Elm": 0.00014364661191380306,
  "Procfile": 0.00014358116268804825,
  "UnrealScript": 0.00012290240583072963,
  "F#": 0.00012285775678510489,
  "Kaitai Struct": 0.00012194815548725966,
  "Smalltalk": 0.00011259779124459798,
  "AspectJ": 0.00011233527480228356,
  "VBScript": 0.00010680302441036812,
  "D2": 0.00010644699598465245,
  "RenderScript": 0.00010126654912773198,
  "Yul": 0.00010108487128593389,
  "Visual Basic": 0.0000986378835507702,
  "Smithy": 0.00009783236175724763,
  "GDB": 0.00009125285782221228,
  "Marko": 0.00009066832973516546,
  "MAXScript": 0.00007892655130697155,
  "Qt Script": 0.00007579897781874871,
  "Pike": 0.00007441581466969708,
  "Processing": 0.00007274312317774047,
  "LOLCODE": 0.00007101014301918872,
  "Reason": 0.00006593647394419681,
  "Nemerle": 0.00005046058394611159,
  "Ada": 0.00004915986470980728,
  "Asymptote": 0.000043564117160328184,
  "Riot": 0.00003975221018810258,
  "COBOL": 0.000039556988260140076,
  "xBase": 0.000037825787996662446,
  "OCaml": 0.00003679221940169545,
  "SQLPL": 0.00003516248361614788,
  "SAS": 0.00003483067910127782,
  "Hy": 0.0000339597971236903,
  "LookML": 0.00003091893565665723,
  "Bluespec": 0.00003024893289997296,
  "SystemVerilog": 0.000029932288157850728,
  "Forth": 0.00002983516298327148,
  "Perl 6": 0.000029682696438889182,
  "PureScript": 0.000029595995784817753,
  "ABAP": 0.00002854105426816267,
  "Imba": 0.00002710022623057875,
  "VHDL": 0.000025998938466998402,
  "Elvish": 0.000025799564433546415,
  "Earthly": 0.00002545061764549452,
  "Raku": 0.00002510646678330596,
  "Limbo": 0.000024664030788336344,
  "SourcePawn": 0.00002184508540234339,
  "Module Management System": 0.000020642779753878545,
  "CWeb": 0.000019151365686407567,
  "PEG.js": 0.000017490490124083802,
  "StringTemplate": 0.00001616057444357731,
  "Verilog": 0.000015971507854165,
  "XS": 0.000010554140412246963,
  "Puppet": 0.00000966554929615448,
  "DTrace": 0.00000732183845305134,
  "EmberScript": 0.000007164033107216884,
  "ASP.NET": 0.000007007268938450305,
  "Grammatical Framework": 0.000006637462213678308,
  "PigLatin": 0.00000649125420994517,