{
  "Go": 14.989993968169562,
  "TypeScript": 14.365252519791202,
  "Python": 11.430721248006195,
  "JavaScript": 9.601754220057684,
  "C#": 4.796107247492264,
  "Rust": 4.6817811890481735,
  "Java": 4.251758641289611,
  "Shell": 3.5754161022111686,
  "C++": 3.3453587868627563,
  "HTML": 3.3329649760480793,
  "PHP": 2.2979028294336175,
  "CSS": 2.1307062683077147,
  "C": 2.062860865261417,
  "SCSS": 1.8405501844548717,
  "Ruby": 1.695496384090198,
  "Kotlin": 1.591700789017509,
  "Jupyter Notebook": 1.3126252485185115,
  "Dart": 1.1947063353925869,
  "HCL": 1.0461072104440055,
  "MDX": 0.7348700871079795,
  "Vue": 0.6900576436994351,
  "Lua": 0.6810043507695169,
  "Makefile": 0.5987503511840137,
  "Dockerfile": 0.5963764086127165,
  "Swift": 0.5049708828377972,
  "XML": 0.47511861614860523,
  "CMake": 0.4022948343274964,
  "Objective-C": 0.3670790849282045,
  "Smarty": 0.3393451974723281,
  "Move": 0.2920830072807893,
  "Batchfile": 0.2596901318847369,
  "Nix": 0.2576873565944427,
  "Markdown": 0.24685987643367763,
  "Clojure": 0.23857856759497034,
  "Solidity": 0.23850594503820932,
  "DM": 0.22632362629770303,
  "Svelte": 0.2134707702661215,
  "Mustache": 0.20356651859889438,
  "R": 0.20173883194498743,
  "Nim": 0.1993621257095979,
  "PowerShell": 0.19176960760424958,
  "WebAssembly": 0.18728290900089833,
  "Jinja": 0.16884350860418543,
  "PLpgSQL": 0.1673604793461112,
  "Cairo": 0.1569522274831543,
  "TeX": 0.11707412717055429,
  "Blade": 0.11616908673753924,
  "Vim Script": 0.1130223607478741,
  "Rich Text Format": 0.0851606468299708,
  "Fluent": 0.08129577528634128,
  "Perl": 0.06801725419771056,
  "Handlebars": 0.06633271479275638,
  "Tcl": 0.06078670032421122,
  "Zig": 0.05848369766400523,
  "Less": 0.052408601561328885,
  "MLIR": 0.046923609321860876,
  "Gherkin": 0.043417646033732826,
  "Adblock Filter List": 0.041420387519374074,
  "Scheme": 0.039337195663101385,
  "Nushell": 0.03638559278671752,
  "Astro": 0.03584976682722392,
  "Gleam": 0.035699374535893384,
  "Cuda": 0.033640485052821786,
  "TSQL": 0.029043839157521293,
  "PLSQL": 0.028731059549131834,
  "Roff": 0.02501022150246044,
  "Groovy": 0.023656654457328997,
  "Stylus": 0.022068267927460333,
  "Starlark": 0.01891698709284038,
  "Inno Setup": 0.01883576230355522,
  "Assembly": 0.018054155823452007,
  "Objective-C++": 0.01708146732051003,
  "Hack": 0.01531125408380114,
  "M4": 0.012648412267350495,
  "Haxe": 0.012230947620106092,
  "Volt": 0.012043998452167944,
  "Pug": 0.011806839295846649,
  "Antlers": 0.011668838656060911,
  "Nunjucks": 0.009922935915440308,
  "Just": 0.00974507604772034,
  "Elixir": 0.008834831823881104,
  "JSON": 0.008831438123128744,
  "ANTLR": 0.008529868064884922,
  "Twig": 0.008465371173958165,
  "RobotFramework": 0.006868768824428272,
  "GSC": 0.0066863973363522336,
  "Haskell": 0.006331806883856276,
  "Scala": 0.00569058801359457,
  "V": 0.005294151025111995,
  "GLSL": 0.005097921271576135,
  "OCaml": 0.005091185640340692,
  "Thrift": 0.004540775954364641,
  "Slim": 0.00437466069051557,
  "HiveQL": 0.004207632883662397,
  "Jsonnet": 0.004085731392817757,
  "Crystal": 0.004031382621069595,
  "Typst": 0.0038784004063988804,
  "E": 0.003813842969066788,
  "BitBake": 0.003794828500855361,
  "NSIS": 0.003647590174999173,
  "Yacc": 0.003647589010968538,
  "Visual Basic .NET": 0.0034865604506958163,
  "WGSL": 0.0034414041711988545,
  "EJS": 0.0032005475305743212,
  "Meson": 0.003174664880453681,
  "Yul": 0.00285737081937546,
  "Mermaid": 0.0027585613622048747,
  "FreeMarker": 0.0027143869867281714,
  "QML": 0.002590976841181927,
  "YAML": 0.002504884017449385,
  "Cap'n Proto": 0.002458436291878338,
  "Kit": 0.0024583639731286674,
  "LLVM": 0.0022409792232418106,
  "Cython": 0.002226089810729577,
  "Open Policy Agent": 0.0018883863073456564,
  "NASL": 0.0018052148441990812,
  "q": 0.0016641149587775642,
  "Sass": 0.0015958528530096356,
  "ShaderLab": 0.0012749576796993948,
  "VCL": 0.0012621951204392439,
  "MATLAB": 0.0011492754357908036,
  "sed": 0.0010971987660784391,
  "Emacs Lisp": 0.0010807795830149517,
  "HLSL": 0.0010659578672824034,
  "DIGITAL Command Language": 0.0009385345578958364,
  "AppleScript": 0.0009367173121360992,
  "ActionScript": 0.0008695675295664726,
  "Processing": 0.0008487555133468333,
  "YARA": 0.0008392928964159749,
  "1C Enterprise": 0.0008322487417063356,
  "Liquid": 0.0008136873240381266,
  "Sage": 0.0007759022972374092,
  "Erlang": 0.000772819652443302,
  "Fortran": 0.0007046555058476626,
  "Ragel": 0.0006880725611381284,
  "XSLT": 0.000669766594647334,
  "CoffeeScript": 0.0006294811576715847,
  "GAP": 0.0006020475338914534,
  "Clean": 0.000491311840797558,
  "QMake": 0.0004864071312574061,
  "PostScript": 0.0004821746674332501,
  "Metal": 0.00045612959689398714,
  "Lex": 0.00045565354410023143,
  "Brainfuck": 0.0003851317821515202,
  "Smali": 0.0003611501137510921,
  "Max": 0.00034819429021825624,
  "SWIG": 0.0003301386298877265,
  "Ant Build System": 0.00033002238148832044,
  "Vim Snippet": 0.0003183834202457415,
  "SmPL": 0.0003164563738802484,
  "Game Maker Language": 0.00030597286194050373,
  "Scilab": 0.00029079000883520907,
  "POV-Ray SDL": 0.00028800784774323727,
  "Bicep": 0.0002742414329563146,
  "GDScript": 0.00025047806826735926,
  "Common Lisp": 0.00023849057842556117,
  "ASP.NET": 0.00023323406665986643,
  "Mathematica": 0.0002288396181621754,
  "Julia": 0.00022651846481645485,
  "Pascal": 0.00021907412305067751,
  "D": 0.00020777498208330555,
  "jq": 0.00020314053098376226,
  "AIDL": 0.00018530294682331022,
  "Xonsh": 0.00017817348435408622,
  "Prolog": 0.0001681825764968402,
  "Procfile": 0.00015395150231447307,
  "RenderScript": 0.00015324214902698614,
  "Awk": 0.00015133733727811565,
  "Brightscript": 0.00014702039578097417,
  "SystemVerilog": 0.0001464086484159515,
  "F#": 0.00011946437142936392,
  "Apex": 0.00010832101985106268,
  "AspectJ": 0.00010739006805528511,
  "Mako": 0.00010093211379976756,
  "Visual Basic": 0.00009060315403335356,
  "Smithy": 0.00008962140039001669,
  "GDB": 0.00008707974922860068,
  "Sway": 0.00007975112751042437,
  "MoonScript": 0.00007682406989297561,
  "Smalltalk": 0.00007439296547629386,
  "MAXScript": 0.00007282730188560244,
  "Marko": 0.00007216461284541277,
  "Qt Script": 0.00006961050648523465,
  "Pike": 0.00006835777754908189,
  "Elm": 0.00006823029447296499,
  "UnrealScript": 0.00006807011496664801,
  "Verilog": 0.00006628350614861055,
  "LOLCODE": 0.00006522588172308555,
  "SQLPL": 0.0000637277722133302,
  "Ada": 0.00004637786342490994,
  "Nemerle": 0.00004635022463280355,
  "Io": 0.00004280578187177755,
  "Asymptote": 0.00004015804506510465,
  "OpenEdge ABL": 0.0000357483275036863,
  "xBase": 0.00003477944699027523,
  "Boogie": 0.00003347594120439104,
  "Hy": 0.00003129543502625653,
  "LookML": 0.00002936557242646033,
  "Forth": 0.000027941737325043274,
  "Perl 6": 0.00002726483801929621,
  "Elvish": 0.000027224757479036207,
  "Raku": 0.000027150428493246723,
  "ABAP": 0.000026216190403169432,
  "COBOL": 0.000025796731356718725,
  "Earthly": 0.000023676090899435584,
  "SourcePawn": 0.000022903226389612908,
  "Visual Basic 6.0": 0.000022766842806059523,
  "PEG.js": 0.000021779944947998988,
  "AMPL": 0.00002095603984141775,
  "Module Management System": 0.000020412547832679723,
  "VHDL": 0.000019733082619446206,
  "CUE": 0.000019663964002381926,
  "CWeb": 0.000017735405277800823,
  "StringTemplate": 0.00001596254430131568,
  "Nasal": 0.00001299338509177128,
  "Grammatical Framework": 0.000010261864695279669,
  "Riot": 0.000009544386771314485,
  "Vala": 0.000009480940188165434,
  "Puppet": 0.000008953562489646573,
  "Alloy": 0.000008735182471917984,
  "Gnuplot": 0.000008722608375810116,
  "Imba": 0.000007974344969994067,
  "VBScript": 0.000007028946504372532,
  "EmberScript": 0.0000067531184150288425,
  "PigLatin": 0.000005968120525779719,
  "Pawn": 0.000005811849949949313,
  "Coq": 0.0000057270596456212155,
  "Modula-3": 0.000005548714385842682,