{
  "Go": 14.730896500179448,
  "TypeScript": 14.010983009015096,
  "Python": 12.18908899945483,
  "JavaScript": 9.225448624654287,
  "Rust": 4.870855529828477,
  "C#": 4.600102068714657,
  "Java": 3.586663638483157,
  "PHP": 3.5172972077431566,
  "HTML": 3.4273390886487816,
  "Shell": 3.286528866103111,
  "C++": 3.1998060796180687,
  "C": 2.3684645409573366,
  "CSS": 2.0045521572896674,
  "SCSS": 1.8483573524666774,
  "Ruby": 1.6322719175600389,
  "Kotlin": 1.4760888778246941,
  "Jupyter Notebook": 1.1859328806592266,
  "HCL": 1.0468551352126774,
  "Dart": 1.01007675758868,
  "Lua": 0.8406008664554562,
  "Vue": 0.8010097475492325,
  "MDX": 0.7113467188384688,
  "Makefile": 0.6190149743324579,
  "Dockerfile": 0.590107754531159,
  "XML": 0.5305946405252557,
  "Smarty": 0.5006860625631447,
  "Swift": 0.43249346494357344,
  "CMake": 0.3763946947492422,
  "Objective-C": 0.31614096437686934,
  "Nix": 0.28525470721066043,
  "Nim": 0.26900062809170405,
  "Mustache": 0.24386808555856873,
  "Batchfile": 0.2213413789442575,
  "WebAssembly": 0.21423914233230346,
  "Clojure": 0.2139505683258699,
  "Move": 0.20335401193823924,
  "PowerShell": 0.20332522621639373,
  "DM": 0.1972856541613539,
  "Jinja": 0.19322330026762494,
  "Svelte": 0.18253321817392504,
  "Vim Script": 0.1805386301864979,
  "Cairo": 0.17766252185482764,
  "Solidity": 0.1667915367397615,
  "Markdown": 0.16414102444004602,
  "PLpgSQL": 0.14843393779625955,
  "Blade": 0.1255341559022227,
  "Tcl": 0.11267508861131204,
  "Adblock Filter List": 0.10322898991899432,
  "Perl": 0.08331490608890227,
  "R": 0.08017193303561977,
  "TeX": 0.06757025982470645,
  "PLSQL": 0.06576352098205254,
  "Nushell": 0.06314307149932685,
  "Less": 0.050805102160739614,
  "Rich Text Format": 0.05037944980454655,
  "Fluent": 0.04918308342503412,
  "Gherkin": 0.045005197004174435,
  "MLIR": 0.044430956401443275,
  "Scheme": 0.04149438245289313,
  "TSQL": 0.04102315251834687,
  "Cuda": 0.040257132254565224,
  "Handlebars": 0.03969147403005462,
  "Prolog": 0.03347128446030868,
  "Zig": 0.032449927487438884,
  "Red": 0.031967252872485294,
  "Haxe": 0.031151726263230504,
  "Stylus": 0.027833880726596094,
  "Roff": 0.02613390576952843,
  "Astro": 0.025971301885148936,
  "Assembly": 0.023634448897708195,
  "Twig": 0.02145645559365218,
  "Jsonnet": 0.020636983817939276,
  "Inno Setup": 0.01997375492866561,
  "Groovy": 0.018826618947294933,
  "Starlark": 0.018662052226198215,
  "Objective-C++": 0.01828253363853365,
  "Crystal": 0.01795494562216257,
  "M4": 0.017183341781049657,
  "Volt": 0.015100522470531601,
  "Haml": 0.013197398171919072,
  "Antlers": 0.012041704614836533,
  "Mako": 0.010240939891464252,
  "Nunjucks": 0.010240162956676502,
  "Just": 0.010001420616893878,
  "Mermaid": 0.010001094216704325,
  "Visual Basic .NET": 0.009146031480482701,
  "JSON": 0.009081538008457499,
  "IDL": 0.008831466586224116,
  "ANTLR": 0.008830248785258307,
  "Elixir": 0.00856169907845178,
  "Verilog": 0.008369130746760468,
  "Emacs Lisp": 0.007897637875276982,
  "Sass": 0.0076320422420985525,
  "Hack": 0.007253501607693343,
  "RobotFramework": 0.007130411854268212,
  "Pug": 0.006611034017378243,
  "GSC": 0.006202321709978163,
  "Haskell": 0.006142535215921837,
  "QML": 0.006112326325530077,
  "MATLAB": 0.006091152831782234,
  "Thrift": 0.005901798589404958,
  "Yacc": 0.005526023655740562,
  "V": 0.005463612046309783,
  "OCaml": 0.005230649722087694,
  "Rebol": 0.005169066045739774,
  "BitBake": 0.005019291451528249,
  "CoffeeScript": 0.0045948786689079,
  "Slim": 0.004493243990058314,
  "HiveQL": 0.00434262935830685,
  "E": 0.0039357463063791264,
  "Scala": 0.0035268473005444397,
  "Typst": 0.0035035332733393807,
  "NSIS": 0.0030085084199264474,
  "GLSL": 0.00299757217434804,
  "q": 0.00287769616484037,
  "YAML": 0.002733884238971386,
  "FreeMarker": 0.0027134822724324,
  "Cap'n Proto": 0.0025062263134395094,
  "WGSL": 0.002384012740281526,
  "Cython": 0.002382742965700723,
  "LLVM": 0.0022635917105728823,
  "Kit": 0.002244217579177563,
  "Open Policy Agent": 0.001992764667819431,
  "Meson": 0.0018669178322708196,
  "CodeQL": 0.0015555420754826007,
  "DIGITAL Command Language": 0.0014328551056824504,
  "Metal": 0.0013139384075365166,
  "VCL": 0.0013028391261118465,
  "POV-Ray SDL": 0.001155766940615891,
  "XSLT": 0.001032385180783204,
  "NASL": 0.0010083525867920463,
  "YARA": 0.0008628708795121963,
  "Processing": 0.0008255110613941724,
  "Erlang": 0.0008081753244383553,
  "Fortran": 0.0007997870300211533,
  "Sage": 0.0007955802629584152,
  "1C Enterprise": 0.0007903767675272221,
  "sed": 0.000765952872820839,
  "AppleScript": 0.0007554506060871722,
  "EJS": 0.000683317777417281,
  "GAP": 0.0006477369897020306,
  "SWIG": 0.0006472079029461116,
  "COBOL": 0.0006394877729980966,
  "Liquid": 0.0004904795238545761,
  "QMake": 0.00048513794630034853,
  "ShaderLab": 0.0004725134937589102,
  "Scilab": 0.00042126821326898443,
  "Gleam": 0.00041516340100126466,
  "Puppet": 0.0004067200798556317,
  "PostScript": 0.00039790559542111204,
  "Smali": 0.0003756240294773347,
  "Pascal": 0.0003707210903558387,
  "Ant Build System": 0.00036980733652367274,
  "Max": 0.0003600924391512657,
  "Lex": 0.0003497573311040049,
  "ASP.NET": 0.00034170431661271583,
  "SmPL": 0.0002989622080457377,
  "Ragel": 0.0002837154862287493,
  "AIDL": 0.0002769248608516035,
  "GDScript": 0.0002753341883828268,
  "Mathematica": 0.0002567562179211939,
  "Common Lisp": 0.00025568692557797335,
  "VBScript": 0.00022990315445309774,
  "HLSL": 0.00021455013555620839,
  "jq": 0.00021049999895147195,
  "Xonsh": 0.00020620745202076793,
  "SystemVerilog": 0.00018114906399323703,
  "Game Maker Language": 0.00018091946608741644,
  "D": 0.00016320233808910146,
  "Julia": 0.00016309878003618633,
  "Awk": 0.00015313732894643007,
  "MoonScript": 0.00011418129794808225,
  "Procfile": 0.00010771697362940817,
  "Smithy": 0.00009253286485679119,
  "GDB": 0.00008833195656434614,
  "RenderScript": 0.00008804484668637443,
  "Qt Script": 0.00008458178881788954,
  "OpenEdge ABL": 0.00008208376554883084,
  "XS": 0.00007891058984732828,
  "Visual Basic 6.0": 0.00007366729221012693,
  "Earthly": 0.00007076688087434442,
  "D2": 0.00006745908423074734,
  "SQLPL": 0.00006525101036122557,
  "F#": 0.00006238489169692229,
  "SourcePawn": 0.00005086230857487434,
  "ZenScript": 0.00004916384038272302,
  "Io": 0.000045905367280313755,
  "Asymptote": 0.00004238545050045661,
  "Smalltalk": 0.000041332093780067,
  "AspectJ": 0.000040467477978075696,
  "Motoko": 0.000032371204184016495,
  "Hy": 0.000032295743115311285,
  "Boogie": 0.00003099480310473287,
  "LookML": 0.000030503982597242547,
  "Bicep": 0.000028073827124096567,
  "Ada": 0.000027062881532557525,
  "Turing": 0.000026503031650739233,
  "Module Management System": 0.000025767495106809035,
  "CUE": 0.000025522818114757635,
  "Raku": 0.000025375749705112366,
  "AMPL": 0.00002395036295913711,
  "Pawn": 0.000022236876028217058,
  "PEG.js": 0.00002206602237379843,
  "Marko": 0.00002204274883406563,
  "VHDL": 0.000020341970942540805,
  "DTrace": 0.000020175600104468504,
  "Nasal": 0.00002011303770325154,
  "CWeb": 0.000018611628855406366,
  "UnrealScript": 0.000015220430438901292,
  "RPC": 0.000012222984301141649,
  "Grammatical Framework": 0.000010689627338735464,
  "OpenSCAD": 0.000010504103471587614,
  "Alloy": 0.000009008200358260462,
  "Imba": 0.000008462194277267642,
  "Elvish": 0.000008060166658587203,
  "Gnuplot": 0.0000072581834653790895,
  "EmberScript": 0.000007031395410884644,
  "Forth": 0.0000062536919181351564,
  "PigLatin": 0.00000616292916727396,
  "Coq": 0.0000059347527903502705,
  "NewLisp": 0.0000056300987878843935,
  "PureBasic": 0.000005519595304527633,
  "SAS": 0.000004950231018229564,
  "Velocity Template Language": 0.000004225964188232459,
  "Modula-3": 0.0000042112929764216206,
  "XC": 0.000004112406458547181,
  "G-code": 0.000004031541046560312,
  "Riot": 0.000002915341911775213,
  "M": 0.0000024038279762042095,