{
  "TypeScript": 15.013460288050428,
  "Go": 13.567149679077609,
  "Python": 13.300272901126597,
  "JavaScript": 7.367761699073265,
  "Rust": 4.9950459080840055,
  "C#": 4.284694684445436,
  "Shell": 3.82460850325389,
  "Kotlin": 3.777579259844611,
  "C++": 3.5511479164632687,
  "MDX": 2.608248253803848,
  "PHP": 2.569127368456906,
  "C": 2.5356678586310926,
  "Java": 2.337474930754953,
  "HTML": 2.3323353526597934,
  "Ruby": 1.8447524665613033,
  "Dart": 1.266634477670085,
  "Jupyter Notebook": 1.1663224827509246,
  "CSS": 1.0492221431141788,
  "Vue": 0.9442322318553482,
  "SCSS": 0.8916817889902652,
  "Makefile": 0.8517708967577697,
  "Dockerfile": 0.8286000650733869,
  "Nim": 0.7735184498542661,
  "Lua": 0.6581151103077054,
  "HCL": 0.6556511376328922,
  "CMake": 0.5469618468414535,
  "Markdown": 0.4426770693651428,
  "PowerShell": 0.40505071358308103,
  "Swift": 0.3470515028606661,
  "Smarty": 0.3393590237394148,
  "Svelte": 0.33582608460402247,
  "Nix": 0.3026625447882955,
  "Mustache": 0.27568571360754157,
  "Objective-C": 0.2517418688862922,
  "Clojure": 0.2233170279489197,
  "XML": 0.20723460857695808,
  "TeX": 0.18589380720939855,
  "Jinja": 0.17706310279273058,
  "PLpgSQL": 0.1770124377159955,
  "Cairo": 0.17628116748841327,
  "WebAssembly": 0.1683466699576984,
  "Batchfile": 0.14945508390364234,
  "Haxe": 0.14552047751857863,
  "Solidity": 0.12521441980581355,
  "Sway": 0.12080031033035027,
  "Roff": 0.10002346953519564,
  "D": 0.098994060536237,
  "Blade": 0.09596798590418396,
  "Tcl": 0.09070974245257542,
  "reStructuredText": 0.09062744867802541,
  "Lean": 0.08160650648369933,
  "M4": 0.06553508006581152,
  "Haskell": 0.058431832903341974,
  "V": 0.054249939080667026,
  "Cuda": 0.05122796246860834,
  "Vim Script": 0.05060982086219835,
  "YAML": 0.04781593569955438,
  "Perl": 0.047351817360237594,
  "Zig": 0.045690600489690335,
  "MLIR": 0.04488930353509077,
  "Elixir": 0.04449173608736669,
  "PLSQL": 0.03971200798224693,
  "Gleam": 0.039532016845247424,
  "Bikeshed": 0.03799675906332361,
  "Fluent": 0.037361198442482924,
  "Assembly": 0.028809276014345863,
  "Crystal": 0.02832555534592252,
  "Less": 0.02828140368559463,
  "LLVM": 0.02791862028865901,
  "Gherkin": 0.027069810765774863,
  "Odin": 0.024620957697048675,
  "Objective-C++": 0.024548971600852214,
  "Inno Setup": 0.024343652201211357,
  "Adblock Filter List": 0.02369610506999953,
  "templ": 0.0230560167507622,
  "TSQL": 0.02141272392569558,
  "Jsonnet": 0.019400439728473887,
  "Verilog": 0.019364688603938883,
  "R": 0.018615179335337212,
  "Astro": 0.017914179705753867,
  "Groovy": 0.01766998455926314,
  "Handlebars": 0.016475136463781917,
  "Starlark": 0.01609659673092023,
  "Nunjucks": 0.013043359448464728,
  "Pug": 0.012428648055535363,
  "CodeQL": 0.011892390734700765,
  "Just": 0.011671744859388522,
  "XSLT": 0.010527433248055664,
  "GLSL": 0.010187383753210686,
  "PureScript": 0.010170340504166412,
  "Julia": 0.009534837048229121,
  "JSON": 0.009437984922387357,
  "Twig": 0.009373834578546665,
  "QML": 0.009099080887038412,
  "Typst": 0.008430766837357268,
  "Rich Text Format": 0.008073765910898261,
  "GSC": 0.007350032738265741,
  "Erlang": 0.00630101647705018,
  "Circom": 0.0060076286133175245,
  "Move": 0.005797792684900268,
  "Mojo": 0.0054425499765766655,
  "ReScript": 0.0052652718293268695,
  "Open Policy Agent": 0.004723826422749385,
  "Earthly": 0.004645915031395689,
  "NSIS": 0.004515434494685017,
  "Kit": 0.0044055268891889715,
  "HLSL": 0.004310289646479246,
  "Thrift": 0.003477174090848928,
  "Emacs Lisp": 0.003426291360295285,
  "AMPL": 0.0033334206158278598,
  "SWIG": 0.0031981111322802918,
  "Scala": 0.002885088488405625,
  "Scheme": 0.0028089586863046558,
  "q": 0.002617831966550336,
  "Cypher": 0.0024988415263999617,
  "Meson": 0.0024752925728009872,
  "Bicep": 0.0024557617753642766,
  "WGSL": 0.0022841792106915075,
  "Visual Basic .NET": 0.0020161843093470934,
  "ShaderLab": 0.00199936407403236,
  "CUE": 0.001937936756366474,
  "sed": 0.0019308050127400018,
  "Fortran": 0.001825111671745054,
  "F#": 0.001775086789249535,
  "XQuery": 0.0017059210482726623,
  "Sass": 0.0015462382276457192,
  "Mermaid": 0.0015118746307774622,
  "Lex": 0.0015065924831248944,
  "NASL": 0.0013736532555858648,
  "AppleScript": 0.0012745697404470267,
  "Pascal": 0.0011770943571379837,
  "VCL": 0.0010836926838774738,
  "Dhall": 0.001054070780774979,
  "Cython": 0.0010472435789787569,
  "Io": 0.0010149444651991202,
  "Yacc": 0.0010072870410132479,
  "Sage": 0.000974210104518205,
  "FreeMarker": 0.0009234491788127213,
  "Nushell": 0.0009099311187208854,
  "Liquid": 0.0009074207548603886,
  "Ragel": 0.0008875194919143113,
  "EJS": 0.0007473897576531172,
  "BitBake": 0.0006857444512173385,
  "ASP.NET": 0.0006764819649100729,
  "Cap'n Proto": 0.0006622912299337303,
  "Hack": 0.0006567500218006002,
  "CoffeeScript": 0.0006497645863379685,
  "Logos": 0.0006031841970998186,
  "Scilab": 0.0005757364091771391,
  "VHDL": 0.0005678430943896553,
  "ActionScript": 0.0005541313332934309,
  "SmPL": 0.0005352498207829851,
  "UnrealScript": 0.000534676507337611,
  "AIDL": 0.0005136578218373452,
  "Metal": 0.000477529334131826,
  "Raku": 0.0004291958493935252,
  "WDL": 0.00037566837924156015,
  "jq": 0.00036664098063694074,
  "Qt Script": 0.00034644080921701994,
  "SystemVerilog": 0.0003371263066786031,
  "Mako": 0.00031756955373540775,
  "ANTLR": 0.0002811804418680714,
  "Smali": 0.0002785272747972036,
  "Yul": 0.00026667175891170047,
  "PEG.js": 0.0002553874340265203,
  "Haml": 0.00024101217338339776,
  "QMake": 0.00022598278951940458,
  "Procfile": 0.00019168571219115878,
  "Common Lisp": 0.00017781706809643152,
  "Smalltalk": 0.00017375421382759626,
  "Xonsh": 0.00016827093705948308,
  "GDScript": 0.00016765180451668523,
  "Awk": 0.00016162175726302874,
  "MQL5": 0.00014716331023243044,
  "FIRRTL": 0.0001402274218357195,
  "Ant Build System": 0.00013826156416553873,
  "PostScript": 0.000133032886810393,
  "MATLAB": 0.00013166178974271782,
  "POV-Ray SDL": 0.00013055723186008517,
  "StringTemplate": 0.00012256125901296663,
  "VBScript": 0.00012249289992175176,
  "Stylus": 0.00011483134096932688,
  "GDB": 0.00010912983076031105,
  "Game Maker Language": 0.00009922234466351059,
  "WebIDL": 0.00009815254944924706,
  "GAP": 0.00009508131222473536,
  "Smithy": 0.00008242938091519295,
  "RenderScript": 0.00008038517627555296,
  "Augeas": 0.00007631506202162523,
  "RobotFramework": 0.00006279034160353001,
  "MoonScript": 0.00005958274340087603,
  "OCaml": 0.000058622465080020606,
  "Puppet": 0.00005735242728223309,
  "Prolog": 0.00005639750784027264,
  "Csound": 0.00005411464130722127,
  "KRL": 0.000041375857072930845,
  "Slim": 0.00003398451100182053,
  "Apex": 0.0000296832172448948,
  "SMT": 0.000025046242467281113,
  "DTrace": 0.000020521014898883124,
  "Vala": 0.00001984853195751327,
  "OpenEdge ABL": 0.000018423030499671046,
  "ECL": 0.00001802784963356922,
  "1C Enterprise": 0.00001673928045318612,
  "Visual Basic 6.0": 0.000015370025606214157,
  "AspectJ": 0.000015027421122123708,
  "D2": 0.000014668387776512419,
  "SourcePawn": 0.000014181053290859564,
  "M": 0.000013057552149474263,
  "Elvish": 0.000012096429430885565,
  "RPC": 0.000011544345771923888,
  "Roc": 0.000011529270463866316,
  "AGS Script": 0.000011289770134559921,
  "EmberScript": 0.000011074400445869521,
  "Racket": 0.00000862342559636112,
  "Pawn": 0.000008229147489612842,
  "Boogie": 0.000007986211002249589,
  "Luau": 0.000007497893249968908,
  "Ballerina": 0.0000074318883246267395,
  "JetBrains MPS": 0.000004438763041620111,
  "Gnuplot": 0.0000043460593714037475,
  "Ada": 0.000004298975819806937,
  "Max": 0.000004161417804221136,
  "Forth": 0.000004115232304740284,
  "Euphoria": 0.000004072773237502402,
  "Rez": 0.000003921036128611852,
  "Dune": 0.0000038867624695241075,
  "Arc": 0.0000032146702325004194,
  "ASL": 0.000002889979312220642,
  "ABAP": 0.0000026762180639177414,
  "Cadence": 0.000002468236657010725,